,reaction_idx,uid,substrates,products,reaction_smiles,label,simulation_idx
0,0,0,[H][C@](N)(CS)C(O)=O.CC(=C)C(=O)OCC(O)COC(=O)C=C,C=C(C)C(=O)OCC(O)COC(=O)CCSCC(N)C(=O)O,[H][C@](N)(CS)C(O)=O.CC(=C)C(=O)OCC(O)COC(=O)C=C>>C=C(C)C(=O)OCC(O)COC(=O)CCSCC(N)C(=O)O,1,0.0
1,0,1,[H][C@](N)(CS)C(O)=O.CC(=C)C(=O)OCC(O)COC(=O)C=C,C=CC(=O)OCC(O)COC(=O)C(C)CSCC(N)C(=O)O,[H][C@](N)(CS)C(O)=O.CC(=C)C(=O)OCC(O)COC(=O)C=C>>C=CC(=O)OCC(O)COC(=O)C(C)CSCC(N)C(=O)O,0,0.0
2,1,2,COC1=CC=CC=C1S.CC1=C2[C@H]3OC(=O)C(=C)[C@@H]3CC[C@@]2(C)C=CC1=O,COc1ccccc1SCC1C(=O)OC2C3=C(C)C(=O)C=CC3(C)CCC12,COC1=CC=CC=C1S.CC1=C2[C@H]3OC(=O)C(=C)[C@@H]3CC[C@@]2(C)C=CC1=O>>COc1ccccc1SCC1C(=O)OC2C3=C(C)C(=O)C=CC3(C)CCC12,1,0.0
3,1,3,COC1=CC=CC=C1S.CC1=C2[C@H]3OC(=O)C(=C)[C@@H]3CC[C@@]2(C)C=CC1=O,C=C1C(=O)OC2C3=C(C)C(=O)CC(Sc4ccccc4OC)C3(C)CCC12,COC1=CC=CC=C1S.CC1=C2[C@H]3OC(=O)C(=C)[C@@H]3CC[C@@]2(C)C=CC1=O>>C=C1C(=O)OC2C3=C(C)C(=O)CC(Sc4ccccc4OC)C3(C)CCC12,0,0.0
4,1,4,COC1=CC=CC=C1S.CC1=C2[C@H]3OC(=O)C(=C)[C@@H]3CC[C@@]2(C)C=CC1=O,C=C1C(=O)OC2C1CCC1(C)C=CC(=O)C(C)C21Sc1ccccc1OC,COC1=CC=CC=C1S.CC1=C2[C@H]3OC(=O)C(=C)[C@@H]3CC[C@@]2(C)C=CC1=O>>C=C1C(=O)OC2C1CCC1(C)C=CC(=O)C(C)C21Sc1ccccc1OC,0,0.0
5,2,5,COC1=CC=C(S)C=C1.CC1=C2[C@H]3OC(=O)C(=C)[C@@H]3CC[C@@]2(C)C=CC1=O,COc1ccc(SCC2C(=O)OC3C4=C(C)C(=O)C=CC4(C)CCC23)cc1,COC1=CC=C(S)C=C1.CC1=C2[C@H]3OC(=O)C(=C)[C@@H]3CC[C@@]2(C)C=CC1=O>>COc1ccc(SCC2C(=O)OC3C4=C(C)C(=O)C=CC4(C)CCC23)cc1,1,0.0
6,2,6,COC1=CC=C(S)C=C1.CC1=C2[C@H]3OC(=O)C(=C)[C@@H]3CC[C@@]2(C)C=CC1=O,C=C1C(=O)OC2C3=C(C)C(=O)CC(Sc4ccc(OC)cc4)C3(C)CCC12,COC1=CC=C(S)C=C1.CC1=C2[C@H]3OC(=O)C(=C)[C@@H]3CC[C@@]2(C)C=CC1=O>>C=C1C(=O)OC2C3=C(C)C(=O)CC(Sc4ccc(OC)cc4)C3(C)CCC12,0,0.0
7,2,7,COC1=CC=C(S)C=C1.CC1=C2[C@H]3OC(=O)C(=C)[C@@H]3CC[C@@]2(C)C=CC1=O,C=C1C(=O)OC2C1CCC1(C)C=CC(=O)C(C)C21Sc1ccc(OC)cc1,COC1=CC=C(S)C=C1.CC1=C2[C@H]3OC(=O)C(=C)[C@@H]3CC[C@@]2(C)C=CC1=O>>C=C1C(=O)OC2C1CCC1(C)C=CC(=O)C(C)C21Sc1ccc(OC)cc1,0,0.0
8,3,8,SC1CCCCC1.CC1=C2[C@H]3OC(=O)C(=C)[C@@H]3CC[C@@]2(C)C=CC1=O,CC1=C2C3OC(=O)C(CSC4CCCCC4)C3CCC2(C)C=CC1=O,SC1CCCCC1.CC1=C2[C@H]3OC(=O)C(=C)[C@@H]3CC[C@@]2(C)C=CC1=O>>CC1=C2C3OC(=O)C(CSC4CCCCC4)C3CCC2(C)C=CC1=O,1,0.0
9,3,9,SC1CCCCC1.CC1=C2[C@H]3OC(=O)C(=C)[C@@H]3CC[C@@]2(C)C=CC1=O,C=C1C(=O)OC2C1CCC1(C)C=CC(=O)C(C)C21SC1CCCCC1,SC1CCCCC1.CC1=C2[C@H]3OC(=O)C(=C)[C@@H]3CC[C@@]2(C)C=CC1=O>>C=C1C(=O)OC2C1CCC1(C)C=CC(=O)C(C)C21SC1CCCCC1,0,0.0
10,3,10,SC1CCCCC1.CC1=C2[C@H]3OC(=O)C(=C)[C@@H]3CC[C@@]2(C)C=CC1=O,C=C1C(=O)OC2C3=C(C)C(=O)CC(SC4CCCCC4)C3(C)CCC12,SC1CCCCC1.CC1=C2[C@H]3OC(=O)C(=C)[C@@H]3CC[C@@]2(C)C=CC1=O>>C=C1C(=O)OC2C3=C(C)C(=O)CC(SC4CCCCC4)C3(C)CCC12,0,0.0
11,4,11,SC1=NC=CC=C1.CC1=C2[C@H]3OC(=O)C(=C)[C@@H]3CC[C@@]2(C)C=CC1=O,C=C1C(=O)OC2C3=C(C)C(=O)CC(Sc4ccccn4)C3(C)CCC12,SC1=NC=CC=C1.CC1=C2[C@H]3OC(=O)C(=C)[C@@H]3CC[C@@]2(C)C=CC1=O>>C=C1C(=O)OC2C3=C(C)C(=O)CC(Sc4ccccn4)C3(C)CCC12,0,0.0
12,4,12,SC1=NC=CC=C1.CC1=C2[C@H]3OC(=O)C(=C)[C@@H]3CC[C@@]2(C)C=CC1=O,CC1=C2C3OC(=O)C(CSc4ccccn4)C3CCC2(C)C=CC1=O,SC1=NC=CC=C1.CC1=C2[C@H]3OC(=O)C(=C)[C@@H]3CC[C@@]2(C)C=CC1=O>>CC1=C2C3OC(=O)C(CSc4ccccn4)C3CCC2(C)C=CC1=O,1,0.0
13,4,13,SC1=NC=CC=C1.CC1=C2[C@H]3OC(=O)C(=C)[C@@H]3CC[C@@]2(C)C=CC1=O,C=C1C(=O)OC2C1CCC1(C)C=CC(=O)C(C)C21Sc1ccccn1,SC1=NC=CC=C1.CC1=C2[C@H]3OC(=O)C(=C)[C@@H]3CC[C@@]2(C)C=CC1=O>>C=C1C(=O)OC2C1CCC1(C)C=CC(=O)C(C)C21Sc1ccccn1,0,0.0
14,5,14,NC1=CC=CC=C1S.CC1=C2[C@H]3OC(=O)C(=C)[C@@H]3CC[C@@]2(C)C=CC1=O,CC1=C2C3OC(=O)C(CSc4ccccc4N)C3CCC2(C)C=CC1=O,NC1=CC=CC=C1S.CC1=C2[C@H]3OC(=O)C(=C)[C@@H]3CC[C@@]2(C)C=CC1=O>>CC1=C2C3OC(=O)C(CSc4ccccc4N)C3CCC2(C)C=CC1=O,1,0.0
15,5,15,NC1=CC=CC=C1S.CC1=C2[C@H]3OC(=O)C(=C)[C@@H]3CC[C@@]2(C)C=CC1=O,C=C1C(=O)OC2C3=C(C)C(=O)CC(Sc4ccccc4N)C3(C)CCC12,NC1=CC=CC=C1S.CC1=C2[C@H]3OC(=O)C(=C)[C@@H]3CC[C@@]2(C)C=CC1=O>>C=C1C(=O)OC2C3=C(C)C(=O)CC(Sc4ccccc4N)C3(C)CCC12,0,0.0
16,5,16,NC1=CC=CC=C1S.CC1=C2[C@H]3OC(=O)C(=C)[C@@H]3CC[C@@]2(C)C=CC1=O,C=C1C(=O)OC2C1CCC1(C)C=CC(=O)C(C)C21Sc1ccccc1N,NC1=CC=CC=C1S.CC1=C2[C@H]3OC(=O)C(=C)[C@@H]3CC[C@@]2(C)C=CC1=O>>C=C1C(=O)OC2C1CCC1(C)C=CC(=O)C(C)C21Sc1ccccc1N,0,0.0
17,6,17,SC1=CC=CC=C1.CC1=C2[C@H]3OC(=O)C(=C)[C@@H]3CC[C@@]2(C)C=CC1=O,C=C1C(=O)OC2C3=C(C)C(=O)CC(Sc4ccccc4)C3(C)CCC12,SC1=CC=CC=C1.CC1=C2[C@H]3OC(=O)C(=C)[C@@H]3CC[C@@]2(C)C=CC1=O>>C=C1C(=O)OC2C3=C(C)C(=O)CC(Sc4ccccc4)C3(C)CCC12,0,0.0
18,6,18,SC1=CC=CC=C1.CC1=C2[C@H]3OC(=O)C(=C)[C@@H]3CC[C@@]2(C)C=CC1=O,CC1=C2C3OC(=O)C(CSc4ccccc4)C3CCC2(C)C=CC1=O,SC1=CC=CC=C1.CC1=C2[C@H]3OC(=O)C(=C)[C@@H]3CC[C@@]2(C)C=CC1=O>>CC1=C2C3OC(=O)C(CSc4ccccc4)C3CCC2(C)C=CC1=O,1,0.0
19,6,19,SC1=CC=CC=C1.CC1=C2[C@H]3OC(=O)C(=C)[C@@H]3CC[C@@]2(C)C=CC1=O,C=C1C(=O)OC2C1CCC1(C)C=CC(=O)C(C)C21Sc1ccccc1,SC1=CC=CC=C1.CC1=C2[C@H]3OC(=O)C(=C)[C@@H]3CC[C@@]2(C)C=CC1=O>>C=C1C(=O)OC2C1CCC1(C)C=CC(=O)C(C)C21Sc1ccccc1,0,0.0
20,7,20,FC1=CC=CC=C1S.CC1=C2[C@H]3OC(=O)C(=C)[C@@H]3CC[C@@]2(C)C=CC1=O,CC1=C2C3OC(=O)C(CSc4ccccc4F)C3CCC2(C)C=CC1=O,FC1=CC=CC=C1S.CC1=C2[C@H]3OC(=O)C(=C)[C@@H]3CC[C@@]2(C)C=CC1=O>>CC1=C2C3OC(=O)C(CSc4ccccc4F)C3CCC2(C)C=CC1=O,1,0.0
21,7,21,FC1=CC=CC=C1S.CC1=C2[C@H]3OC(=O)C(=C)[C@@H]3CC[C@@]2(C)C=CC1=O,C=C1C(=O)OC2C3=C(C)C(=O)CC(Sc4ccccc4F)C3(C)CCC12,FC1=CC=CC=C1S.CC1=C2[C@H]3OC(=O)C(=C)[C@@H]3CC[C@@]2(C)C=CC1=O>>C=C1C(=O)OC2C3=C(C)C(=O)CC(Sc4ccccc4F)C3(C)CCC12,0,0.0
22,7,22,FC1=CC=CC=C1S.CC1=C2[C@H]3OC(=O)C(=C)[C@@H]3CC[C@@]2(C)C=CC1=O,C=C1C(=O)OC2C1CCC1(C)C=CC(=O)C(C)C21Sc1ccccc1F,FC1=CC=CC=C1S.CC1=C2[C@H]3OC(=O)C(=C)[C@@H]3CC[C@@]2(C)C=CC1=O>>C=C1C(=O)OC2C1CCC1(C)C=CC(=O)C(C)C21Sc1ccccc1F,0,0.0
23,8,23,FC1=CC=C(S)C=C1.CC1=C2[C@H]3OC(=O)C(=C)[C@@H]3CC[C@@]2(C)C=CC1=O,C=C1C(=O)OC2C3=C(C)C(=O)CC(Sc4ccc(F)cc4)C3(C)CCC12,FC1=CC=C(S)C=C1.CC1=C2[C@H]3OC(=O)C(=C)[C@@H]3CC[C@@]2(C)C=CC1=O>>C=C1C(=O)OC2C3=C(C)C(=O)CC(Sc4ccc(F)cc4)C3(C)CCC12,0,0.0
24,8,24,FC1=CC=C(S)C=C1.CC1=C2[C@H]3OC(=O)C(=C)[C@@H]3CC[C@@]2(C)C=CC1=O,C=C1C(=O)OC2C1CCC1(C)C=CC(=O)C(C)C21Sc1ccc(F)cc1,FC1=CC=C(S)C=C1.CC1=C2[C@H]3OC(=O)C(=C)[C@@H]3CC[C@@]2(C)C=CC1=O>>C=C1C(=O)OC2C1CCC1(C)C=CC(=O)C(C)C21Sc1ccc(F)cc1,0,0.0
25,8,25,FC1=CC=C(S)C=C1.CC1=C2[C@H]3OC(=O)C(=C)[C@@H]3CC[C@@]2(C)C=CC1=O,CC1=C2C3OC(=O)C(CSc4ccc(F)cc4)C3CCC2(C)C=CC1=O,FC1=CC=C(S)C=C1.CC1=C2[C@H]3OC(=O)C(=C)[C@@H]3CC[C@@]2(C)C=CC1=O>>CC1=C2C3OC(=O)C(CSc4ccc(F)cc4)C3CCC2(C)C=CC1=O,1,0.0
26,9,26,SC1=CC=CC=C1Cl.CC1=C2[C@H]3OC(=O)C(=C)[C@@H]3CC[C@@]2(C)C=CC1=O,C=C1C(=O)OC2C1CCC1(C)C=CC(=O)C(C)C21Sc1ccccc1Cl,SC1=CC=CC=C1Cl.CC1=C2[C@H]3OC(=O)C(=C)[C@@H]3CC[C@@]2(C)C=CC1=O>>C=C1C(=O)OC2C1CCC1(C)C=CC(=O)C(C)C21Sc1ccccc1Cl,0,0.0
27,9,27,SC1=CC=CC=C1Cl.CC1=C2[C@H]3OC(=O)C(=C)[C@@H]3CC[C@@]2(C)C=CC1=O,CC1=C2C3OC(=O)C(CSc4ccccc4Cl)C3CCC2(C)C=CC1=O,SC1=CC=CC=C1Cl.CC1=C2[C@H]3OC(=O)C(=C)[C@@H]3CC[C@@]2(C)C=CC1=O>>CC1=C2C3OC(=O)C(CSc4ccccc4Cl)C3CCC2(C)C=CC1=O,1,0.0
28,9,28,SC1=CC=CC=C1Cl.CC1=C2[C@H]3OC(=O)C(=C)[C@@H]3CC[C@@]2(C)C=CC1=O,C=C1C(=O)OC2C3=C(C)C(=O)CC(Sc4ccccc4Cl)C3(C)CCC12,SC1=CC=CC=C1Cl.CC1=C2[C@H]3OC(=O)C(=C)[C@@H]3CC[C@@]2(C)C=CC1=O>>C=C1C(=O)OC2C3=C(C)C(=O)CC(Sc4ccccc4Cl)C3(C)CCC12,0,0.0
29,10,29,SC1=CC=C(Br)C=C1.CC1=C2[C@H]3OC(=O)C(=C)[C@@H]3CC[C@@]2(C)C=CC1=O,C=C1C(=O)OC2C1CCC1(C)C=CC(=O)C(C)C21Sc1ccc(Br)cc1,SC1=CC=C(Br)C=C1.CC1=C2[C@H]3OC(=O)C(=C)[C@@H]3CC[C@@]2(C)C=CC1=O>>C=C1C(=O)OC2C1CCC1(C)C=CC(=O)C(C)C21Sc1ccc(Br)cc1,0,0.0
30,10,30,SC1=CC=C(Br)C=C1.CC1=C2[C@H]3OC(=O)C(=C)[C@@H]3CC[C@@]2(C)C=CC1=O,CC1=C2C3OC(=O)C(CSc4ccc(Br)cc4)C3CCC2(C)C=CC1=O,SC1=CC=C(Br)C=C1.CC1=C2[C@H]3OC(=O)C(=C)[C@@H]3CC[C@@]2(C)C=CC1=O>>CC1=C2C3OC(=O)C(CSc4ccc(Br)cc4)C3CCC2(C)C=CC1=O,1,0.0
31,10,31,SC1=CC=C(Br)C=C1.CC1=C2[C@H]3OC(=O)C(=C)[C@@H]3CC[C@@]2(C)C=CC1=O,C=C1C(=O)OC2C3=C(C)C(=O)CC(Sc4ccc(Br)cc4)C3(C)CCC12,SC1=CC=C(Br)C=C1.CC1=C2[C@H]3OC(=O)C(=C)[C@@H]3CC[C@@]2(C)C=CC1=O>>C=C1C(=O)OC2C3=C(C)C(=O)CC(Sc4ccc(Br)cc4)C3(C)CCC12,0,0.0
32,11,32,SC1=C(Br)C=CC=C1.CC1=C2[C@H]3OC(=O)C(=C)[C@@H]3CC[C@@]2(C)C=CC1=O,CC1=C2C3OC(=O)C(CSc4ccccc4Br)C3CCC2(C)C=CC1=O,SC1=C(Br)C=CC=C1.CC1=C2[C@H]3OC(=O)C(=C)[C@@H]3CC[C@@]2(C)C=CC1=O>>CC1=C2C3OC(=O)C(CSc4ccccc4Br)C3CCC2(C)C=CC1=O,1,0.0
33,11,33,SC1=C(Br)C=CC=C1.CC1=C2[C@H]3OC(=O)C(=C)[C@@H]3CC[C@@]2(C)C=CC1=O,C=C1C(=O)OC2C3=C(C)C(=O)CC(Sc4ccccc4Br)C3(C)CCC12,SC1=C(Br)C=CC=C1.CC1=C2[C@H]3OC(=O)C(=C)[C@@H]3CC[C@@]2(C)C=CC1=O>>C=C1C(=O)OC2C3=C(C)C(=O)CC(Sc4ccccc4Br)C3(C)CCC12,0,0.0
34,11,34,SC1=C(Br)C=CC=C1.CC1=C2[C@H]3OC(=O)C(=C)[C@@H]3CC[C@@]2(C)C=CC1=O,C=C1C(=O)OC2C1CCC1(C)C=CC(=O)C(C)C21Sc1ccccc1Br,SC1=C(Br)C=CC=C1.CC1=C2[C@H]3OC(=O)C(=C)[C@@H]3CC[C@@]2(C)C=CC1=O>>C=C1C(=O)OC2C1CCC1(C)C=CC(=O)C(C)C21Sc1ccccc1Br,0,0.0
35,12,35,SC1=CC=C(Cl)C=C1.CC1=C2[C@H]3OC(=O)C(=C)[C@@H]3CC[C@@]2(C)C=CC1=O,C=C1C(=O)OC2C3=C(C)C(=O)CC(Sc4ccc(Cl)cc4)C3(C)CCC12,SC1=CC=C(Cl)C=C1.CC1=C2[C@H]3OC(=O)C(=C)[C@@H]3CC[C@@]2(C)C=CC1=O>>C=C1C(=O)OC2C3=C(C)C(=O)CC(Sc4ccc(Cl)cc4)C3(C)CCC12,0,0.0
36,12,36,SC1=CC=C(Cl)C=C1.CC1=C2[C@H]3OC(=O)C(=C)[C@@H]3CC[C@@]2(C)C=CC1=O,C=C1C(=O)OC2C1CCC1(C)C=CC(=O)C(C)C21Sc1ccc(Cl)cc1,SC1=CC=C(Cl)C=C1.CC1=C2[C@H]3OC(=O)C(=C)[C@@H]3CC[C@@]2(C)C=CC1=O>>C=C1C(=O)OC2C1CCC1(C)C=CC(=O)C(C)C21Sc1ccc(Cl)cc1,0,0.0
37,12,37,SC1=CC=C(Cl)C=C1.CC1=C2[C@H]3OC(=O)C(=C)[C@@H]3CC[C@@]2(C)C=CC1=O,CC1=C2C3OC(=O)C(CSc4ccc(Cl)cc4)C3CCC2(C)C=CC1=O,SC1=CC=C(Cl)C=C1.CC1=C2[C@H]3OC(=O)C(=C)[C@@H]3CC[C@@]2(C)C=CC1=O>>CC1=C2C3OC(=O)C(CSc4ccc(Cl)cc4)C3CCC2(C)C=CC1=O,1,0.0
38,13,38,CC1=C2[C@H]3OC(=O)C(=C)[C@@H]3CC[C@@]2(C)C=CC1=O.CC1=CC=CC=C1S,CC1=C2C3OC(=O)C(CSc4ccccc4C)C3CCC2(C)C=CC1=O,CC1=C2[C@H]3OC(=O)C(=C)[C@@H]3CC[C@@]2(C)C=CC1=O.CC1=CC=CC=C1S>>CC1=C2C3OC(=O)C(CSc4ccccc4C)C3CCC2(C)C=CC1=O,1,0.0
39,13,39,CC1=C2[C@H]3OC(=O)C(=C)[C@@H]3CC[C@@]2(C)C=CC1=O.CC1=CC=CC=C1S,C=C1C(=O)OC2C3=C(C)C(=O)CC(Sc4ccccc4C)C3(C)CCC12,CC1=C2[C@H]3OC(=O)C(=C)[C@@H]3CC[C@@]2(C)C=CC1=O.CC1=CC=CC=C1S>>C=C1C(=O)OC2C3=C(C)C(=O)CC(Sc4ccccc4C)C3(C)CCC12,0,0.0
40,13,40,CC1=C2[C@H]3OC(=O)C(=C)[C@@H]3CC[C@@]2(C)C=CC1=O.CC1=CC=CC=C1S,C=C1C(=O)OC2C1CCC1(C)C=CC(=O)C(C)C21Sc1ccccc1C,CC1=C2[C@H]3OC(=O)C(=C)[C@@H]3CC[C@@]2(C)C=CC1=O.CC1=CC=CC=C1S>>C=C1C(=O)OC2C1CCC1(C)C=CC(=O)C(C)C21Sc1ccccc1C,0,0.0
41,14,41,CC1=CC=C(S)C=C1.CC1=C2[C@H]3OC(=O)C(=C)[C@@H]3CC[C@@]2(C)C=CC1=O,C=C1C(=O)OC2C3=C(C)C(=O)CC(Sc4ccc(C)cc4)C3(C)CCC12,CC1=CC=C(S)C=C1.CC1=C2[C@H]3OC(=O)C(=C)[C@@H]3CC[C@@]2(C)C=CC1=O>>C=C1C(=O)OC2C3=C(C)C(=O)CC(Sc4ccc(C)cc4)C3(C)CCC12,0,0.0
42,14,42,CC1=CC=C(S)C=C1.CC1=C2[C@H]3OC(=O)C(=C)[C@@H]3CC[C@@]2(C)C=CC1=O,CC1=C2C3OC(=O)C(CSc4ccc(C)cc4)C3CCC2(C)C=CC1=O,CC1=CC=C(S)C=C1.CC1=C2[C@H]3OC(=O)C(=C)[C@@H]3CC[C@@]2(C)C=CC1=O>>CC1=C2C3OC(=O)C(CSc4ccc(C)cc4)C3CCC2(C)C=CC1=O,1,0.0
43,14,43,CC1=CC=C(S)C=C1.CC1=C2[C@H]3OC(=O)C(=C)[C@@H]3CC[C@@]2(C)C=CC1=O,C=C1C(=O)OC2C1CCC1(C)C=CC(=O)C(C)C21Sc1ccc(C)cc1,CC1=CC=C(S)C=C1.CC1=C2[C@H]3OC(=O)C(=C)[C@@H]3CC[C@@]2(C)C=CC1=O>>C=C1C(=O)OC2C1CCC1(C)C=CC(=O)C(C)C21Sc1ccc(C)cc1,0,0.0
44,15,44,CC1=C(S)C=CC(Br)=C1.CC1=C2[C@H]3OC(=O)C(=C)[C@@H]3CC[C@@]2(C)C=CC1=O,CC1=C2C3OC(=O)C(CSc4ccc(Br)cc4C)C3CCC2(C)C=CC1=O,CC1=C(S)C=CC(Br)=C1.CC1=C2[C@H]3OC(=O)C(=C)[C@@H]3CC[C@@]2(C)C=CC1=O>>CC1=C2C3OC(=O)C(CSc4ccc(Br)cc4C)C3CCC2(C)C=CC1=O,1,0.0
45,15,45,CC1=C(S)C=CC(Br)=C1.CC1=C2[C@H]3OC(=O)C(=C)[C@@H]3CC[C@@]2(C)C=CC1=O,C=C1C(=O)OC2C1CCC1(C)C=CC(=O)C(C)C21Sc1ccc(Br)cc1C,CC1=C(S)C=CC(Br)=C1.CC1=C2[C@H]3OC(=O)C(=C)[C@@H]3CC[C@@]2(C)C=CC1=O>>C=C1C(=O)OC2C1CCC1(C)C=CC(=O)C(C)C21Sc1ccc(Br)cc1C,0,0.0
46,15,46,CC1=C(S)C=CC(Br)=C1.CC1=C2[C@H]3OC(=O)C(=C)[C@@H]3CC[C@@]2(C)C=CC1=O,C=C1C(=O)OC2C3=C(C)C(=O)CC(Sc4ccc(Br)cc4C)C3(C)CCC12,CC1=C(S)C=CC(Br)=C1.CC1=C2[C@H]3OC(=O)C(=C)[C@@H]3CC[C@@]2(C)C=CC1=O>>C=C1C(=O)OC2C3=C(C)C(=O)CC(Sc4ccc(Br)cc4C)C3(C)CCC12,0,0.0
47,16,47,FC1=C(F)C=C(S)C=C1.CC1=C2[C@H]3OC(=O)C(=C)[C@@H]3CC[C@@]2(C)C=CC1=O,CC1=C2C3OC(=O)C(CSc4ccc(F)c(F)c4)C3CCC2(C)C=CC1=O,FC1=C(F)C=C(S)C=C1.CC1=C2[C@H]3OC(=O)C(=C)[C@@H]3CC[C@@]2(C)C=CC1=O>>CC1=C2C3OC(=O)C(CSc4ccc(F)c(F)c4)C3CCC2(C)C=CC1=O,1,0.0
48,16,48,FC1=C(F)C=C(S)C=C1.CC1=C2[C@H]3OC(=O)C(=C)[C@@H]3CC[C@@]2(C)C=CC1=O,C=C1C(=O)OC2C1CCC1(C)C=CC(=O)C(C)C21Sc1ccc(F)c(F)c1,FC1=C(F)C=C(S)C=C1.CC1=C2[C@H]3OC(=O)C(=C)[C@@H]3CC[C@@]2(C)C=CC1=O>>C=C1C(=O)OC2C1CCC1(C)C=CC(=O)C(C)C21Sc1ccc(F)c(F)c1,0,0.0
49,16,49,FC1=C(F)C=C(S)C=C1.CC1=C2[C@H]3OC(=O)C(=C)[C@@H]3CC[C@@]2(C)C=CC1=O,C=C1C(=O)OC2C3=C(C)C(=O)CC(Sc4ccc(F)c(F)c4)C3(C)CCC12,FC1=C(F)C=C(S)C=C1.CC1=C2[C@H]3OC(=O)C(=C)[C@@H]3CC[C@@]2(C)C=CC1=O>>C=C1C(=O)OC2C3=C(C)C(=O)CC(Sc4ccc(F)c(F)c4)C3(C)CCC12,0,0.0
50,17,50,CN1C(S)=NC2=C1C=CC=C2.CC1=C2[C@H]3OC(=O)C(=C)[C@@H]3CC[C@@]2(C)C=CC1=O,C=C1C(=O)OC2C1CCC1(C)C=CC(=O)C(C)C21Sc1nc2ccccc2n1C,CN1C(S)=NC2=C1C=CC=C2.CC1=C2[C@H]3OC(=O)C(=C)[C@@H]3CC[C@@]2(C)C=CC1=O>>C=C1C(=O)OC2C1CCC1(C)C=CC(=O)C(C)C21Sc1nc2ccccc2n1C,0,0.0
51,17,51,CN1C(S)=NC2=C1C=CC=C2.CC1=C2[C@H]3OC(=O)C(=C)[C@@H]3CC[C@@]2(C)C=CC1=O,CC1=C2C3OC(=O)C(CSc4nc5ccccc5n4C)C3CCC2(C)C=CC1=O,CN1C(S)=NC2=C1C=CC=C2.CC1=C2[C@H]3OC(=O)C(=C)[C@@H]3CC[C@@]2(C)C=CC1=O>>CC1=C2C3OC(=O)C(CSc4nc5ccccc5n4C)C3CCC2(C)C=CC1=O,1,0.0
52,17,52,CN1C(S)=NC2=C1C=CC=C2.CC1=C2[C@H]3OC(=O)C(=C)[C@@H]3CC[C@@]2(C)C=CC1=O,C=C1C(=O)OC2C3=C(C)C(=O)CC(Sc4nc5ccccc5n4C)C3(C)CCC12,CN1C(S)=NC2=C1C=CC=C2.CC1=C2[C@H]3OC(=O)C(=C)[C@@H]3CC[C@@]2(C)C=CC1=O>>C=C1C(=O)OC2C3=C(C)C(=O)CC(Sc4nc5ccccc5n4C)C3(C)CCC12,0,0.0
53,18,53,CC1=C2[C@H]3OC(=O)C(=C)[C@@H]3CC[C@@]2(C)C=CC1=O.SC1=NC2=C(C=CC=C2)C(=O)N1,C=C1C(=O)OC2C1CCC1(C)C=CC(=O)C(C)C21Sc1nc2ccccc2c(=O)[nH]1,CC1=C2[C@H]3OC(=O)C(=C)[C@@H]3CC[C@@]2(C)C=CC1=O.SC1=NC2=C(C=CC=C2)C(=O)N1>>C=C1C(=O)OC2C1CCC1(C)C=CC(=O)C(C)C21Sc1nc2ccccc2c(=O)[nH]1,0,0.0
54,18,54,CC1=C2[C@H]3OC(=O)C(=C)[C@@H]3CC[C@@]2(C)C=CC1=O.SC1=NC2=C(C=CC=C2)C(=O)N1,CC1=C2C3OC(=O)C(CSc4nc5ccccc5c(=O)[nH]4)C3CCC2(C)C=CC1=O,CC1=C2[C@H]3OC(=O)C(=C)[C@@H]3CC[C@@]2(C)C=CC1=O.SC1=NC2=C(C=CC=C2)C(=O)N1>>CC1=C2C3OC(=O)C(CSc4nc5ccccc5c(=O)[nH]4)C3CCC2(C)C=CC1=O,1,0.0
55,18,55,CC1=C2[C@H]3OC(=O)C(=C)[C@@H]3CC[C@@]2(C)C=CC1=O.SC1=NC2=C(C=CC=C2)C(=O)N1,C=C1C(=O)OC2C3=C(C)C(=O)CC(Sc4nc5ccccc5c(=O)[nH]4)C3(C)CCC12,CC1=C2[C@H]3OC(=O)C(=C)[C@@H]3CC[C@@]2(C)C=CC1=O.SC1=NC2=C(C=CC=C2)C(=O)N1>>C=C1C(=O)OC2C3=C(C)C(=O)CC(Sc4nc5ccccc5c(=O)[nH]4)C3(C)CCC12,0,0.0
56,19,56,SC1=NC=CN1.CC1=C2[C@H]3OC(=O)C(=C)[C@@H]3CC[C@@]2(C)C=CC1=O,CC1=C2C3OC(=O)C(CSc4ncc[nH]4)C3CCC2(C)C=CC1=O,SC1=NC=CN1.CC1=C2[C@H]3OC(=O)C(=C)[C@@H]3CC[C@@]2(C)C=CC1=O>>CC1=C2C3OC(=O)C(CSc4ncc[nH]4)C3CCC2(C)C=CC1=O,1,0.0
57,19,57,SC1=NC=CN1.CC1=C2[C@H]3OC(=O)C(=C)[C@@H]3CC[C@@]2(C)C=CC1=O,C=C1C(=O)OC2C3=C(C)C(=O)CC(Sc4ncc[nH]4)C3(C)CCC12,SC1=NC=CN1.CC1=C2[C@H]3OC(=O)C(=C)[C@@H]3CC[C@@]2(C)C=CC1=O>>C=C1C(=O)OC2C3=C(C)C(=O)CC(Sc4ncc[nH]4)C3(C)CCC12,0,0.0
58,19,58,SC1=NC=CN1.CC1=C2[C@H]3OC(=O)C(=C)[C@@H]3CC[C@@]2(C)C=CC1=O,C=C1C(=O)OC2C1CCC1(C)C=CC(=O)C(C)C21Sc1ncc[nH]1,SC1=NC=CN1.CC1=C2[C@H]3OC(=O)C(=C)[C@@H]3CC[C@@]2(C)C=CC1=O>>C=C1C(=O)OC2C1CCC1(C)C=CC(=O)C(C)C21Sc1ncc[nH]1,0,0.0
59,20,59,CC1=CC=C(S)C=C1Br.CC1=C2[C@H]3OC(=O)C(=C)[C@@H]3CC[C@@]2(C)C=CC1=O,CC1=C2C3OC(=O)C(CSc4ccc(C)c(Br)c4)C3CCC2(C)C=CC1=O,CC1=CC=C(S)C=C1Br.CC1=C2[C@H]3OC(=O)C(=C)[C@@H]3CC[C@@]2(C)C=CC1=O>>CC1=C2C3OC(=O)C(CSc4ccc(C)c(Br)c4)C3CCC2(C)C=CC1=O,1,0.0
60,20,60,CC1=CC=C(S)C=C1Br.CC1=C2[C@H]3OC(=O)C(=C)[C@@H]3CC[C@@]2(C)C=CC1=O,C=C1C(=O)OC2C3=C(C)C(=O)CC(Sc4ccc(C)c(Br)c4)C3(C)CCC12,CC1=CC=C(S)C=C1Br.CC1=C2[C@H]3OC(=O)C(=C)[C@@H]3CC[C@@]2(C)C=CC1=O>>C=C1C(=O)OC2C3=C(C)C(=O)CC(Sc4ccc(C)c(Br)c4)C3(C)CCC12,0,0.0
61,20,61,CC1=CC=C(S)C=C1Br.CC1=C2[C@H]3OC(=O)C(=C)[C@@H]3CC[C@@]2(C)C=CC1=O,C=C1C(=O)OC2C1CCC1(C)C=CC(=O)C(C)C21Sc1ccc(C)c(Br)c1,CC1=CC=C(S)C=C1Br.CC1=C2[C@H]3OC(=O)C(=C)[C@@H]3CC[C@@]2(C)C=CC1=O>>C=C1C(=O)OC2C1CCC1(C)C=CC(=O)C(C)C21Sc1ccc(C)c(Br)c1,0,0.0
62,21,62,C[C@H](CC=C)OC(=O)\C=C\C(=O)CCCC=C.[H][C@@](O)(CS)C(=O)OC,C=CCCCC(=O)C(CC(=O)OC(C)CC=C)SCC(O)C(=O)OC,C[C@H](CC=C)OC(=O)\C=C\C(=O)CCCC=C.[H][C@@](O)(CS)C(=O)OC>>C=CCCCC(=O)C(CC(=O)OC(C)CC=C)SCC(O)C(=O)OC,0,0.0
63,21,63,C[C@H](CC=C)OC(=O)\C=C\C(=O)CCCC=C.[H][C@@](O)(CS)C(=O)OC,C=CCCCC(=O)CC(SCC(O)C(=O)OC)C(=O)OC(C)CC=C,C[C@H](CC=C)OC(=O)\C=C\C(=O)CCCC=C.[H][C@@](O)(CS)C(=O)OC>>C=CCCCC(=O)CC(SCC(O)C(=O)OC)C(=O)OC(C)CC=C,1,0.0
64,22,64,CCOC(=O)\C=C\C(=O)C1=CC=CC=C1.SC1=CC=CC=C1,CCOC(=O)C(CC(=O)c1ccccc1)Sc1ccccc1,CCOC(=O)\C=C\C(=O)C1=CC=CC=C1.SC1=CC=CC=C1>>CCOC(=O)C(CC(=O)c1ccccc1)Sc1ccccc1,1,0.0
65,22,65,CCOC(=O)\C=C\C(=O)C1=CC=CC=C1.SC1=CC=CC=C1,CCOC(=O)CC(Sc1ccccc1)C(=O)c1ccccc1,CCOC(=O)\C=C\C(=O)C1=CC=CC=C1.SC1=CC=CC=C1>>CCOC(=O)CC(Sc1ccccc1)C(=O)c1ccccc1,0,0.0
66,23,66,SC1CCCCC1.[H]C(=C([H])C1=CC[C@]2([H])C(=C)C(=O)O[C@@]2([H])C[C@@H]1C)C(C)=O,C=C1C(=O)OC2CC(C)C(C(CC(C)=O)SC3CCCCC3)=CCC12,SC1CCCCC1.[H]C(=C([H])C1=CC[C@]2([H])C(=C)C(=O)O[C@@]2([H])C[C@@H]1C)C(C)=O>>C=C1C(=O)OC2CC(C)C(C(CC(C)=O)SC3CCCCC3)=CCC12,0,0.0
67,23,67,SC1CCCCC1.[H]C(=C([H])C1=CC[C@]2([H])C(=C)C(=O)O[C@@]2([H])C[C@@H]1C)C(C)=O,CC(=O)C=CC1=CCC2C(CC1C)OC(=O)C2CSC1CCCCC1,SC1CCCCC1.[H]C(=C([H])C1=CC[C@]2([H])C(=C)C(=O)O[C@@]2([H])C[C@@H]1C)C(C)=O>>CC(=O)C=CC1=CCC2C(CC1C)OC(=O)C2CSC1CCCCC1,1,0.0
68,24,68,CCCCS.CCCCC[C@H](O)\C=C\[C@H]1C=CC(=O)\C1=C\CCCCCC(=O)OC,CCCCCC(O)C=CC1C(=CCCCCCC(=O)OC)C(=O)CC1SCCCC,CCCCS.CCCCC[C@H](O)\C=C\[C@H]1C=CC(=O)\C1=C\CCCCCC(=O)OC>>CCCCCC(O)C=CC1C(=CCCCCCC(=O)OC)C(=O)CC1SCCCC,1,0.0
69,24,69,CCCCS.CCCCC[C@H](O)\C=C\[C@H]1C=CC(=O)\C1=C\CCCCCC(=O)OC,CCCCCC(O)C=CC1C=CC(=O)C1C(CCCCCC(=O)OC)SCCCC,CCCCS.CCCCC[C@H](O)\C=C\[C@H]1C=CC(=O)\C1=C\CCCCCC(=O)OC>>CCCCCC(O)C=CC1C=CC(=O)C1C(CCCCCC(=O)OC)SCCCC,0,0.0
70,25,70,CC1=CC(S)=CC=C1.[H]C(=C([H])C1=CC[C@]2([H])C(=C)C(=O)O[C@@]2([H])C[C@@H]1C)C(C)=O,C=C1C(=O)OC2CC(C)C(C(CC(C)=O)Sc3cccc(C)c3)=CCC12,CC1=CC(S)=CC=C1.[H]C(=C([H])C1=CC[C@]2([H])C(=C)C(=O)O[C@@]2([H])C[C@@H]1C)C(C)=O>>C=C1C(=O)OC2CC(C)C(C(CC(C)=O)Sc3cccc(C)c3)=CCC12,0,0.0
71,25,71,CC1=CC(S)=CC=C1.[H]C(=C([H])C1=CC[C@]2([H])C(=C)C(=O)O[C@@]2([H])C[C@@H]1C)C(C)=O,CC(=O)C=CC1=CCC2C(CC1C)OC(=O)C2CSc1cccc(C)c1,CC1=CC(S)=CC=C1.[H]C(=C([H])C1=CC[C@]2([H])C(=C)C(=O)O[C@@]2([H])C[C@@H]1C)C(C)=O>>CC(=O)C=CC1=CCC2C(CC1C)OC(=O)C2CSc1cccc(C)c1,1,0.0
72,26,72,[H]C(=C([H])C1=CC[C@]2([H])C(=C)C(=O)O[C@@]2([H])C[C@@H]1C)C(C)=O.CC1=CC=C(S)C=C1,C=C1C(=O)OC2CC(C)C(C(CC(C)=O)Sc3ccc(C)cc3)=CCC12,[H]C(=C([H])C1=CC[C@]2([H])C(=C)C(=O)O[C@@]2([H])C[C@@H]1C)C(C)=O.CC1=CC=C(S)C=C1>>C=C1C(=O)OC2CC(C)C(C(CC(C)=O)Sc3ccc(C)cc3)=CCC12,0,0.0
73,26,73,[H]C(=C([H])C1=CC[C@]2([H])C(=C)C(=O)O[C@@]2([H])C[C@@H]1C)C(C)=O.CC1=CC=C(S)C=C1,CC(=O)C=CC1=CCC2C(CC1C)OC(=O)C2CSc1ccc(C)cc1,[H]C(=C([H])C1=CC[C@]2([H])C(=C)C(=O)O[C@@]2([H])C[C@@H]1C)C(C)=O.CC1=CC=C(S)C=C1>>CC(=O)C=CC1=CCC2C(CC1C)OC(=O)C2CSc1ccc(C)cc1,1,0.0
74,27,74,CCC1=CC=C(S)C=C1.[H]C(=C([H])C1=CC[C@]2([H])C(=C)C(=O)O[C@@]2([H])C[C@@H]1C)C(C)=O,C=C1C(=O)OC2CC(C)C(C(CC(C)=O)Sc3ccc(CC)cc3)=CCC12,CCC1=CC=C(S)C=C1.[H]C(=C([H])C1=CC[C@]2([H])C(=C)C(=O)O[C@@]2([H])C[C@@H]1C)C(C)=O>>C=C1C(=O)OC2CC(C)C(C(CC(C)=O)Sc3ccc(CC)cc3)=CCC12,0,0.0
75,27,75,CCC1=CC=C(S)C=C1.[H]C(=C([H])C1=CC[C@]2([H])C(=C)C(=O)O[C@@]2([H])C[C@@H]1C)C(C)=O,CCc1ccc(SCC2C(=O)OC3CC(C)C(C=CC(C)=O)=CCC32)cc1,CCC1=CC=C(S)C=C1.[H]C(=C([H])C1=CC[C@]2([H])C(=C)C(=O)O[C@@]2([H])C[C@@H]1C)C(C)=O>>CCc1ccc(SCC2C(=O)OC3CC(C)C(C=CC(C)=O)=CCC32)cc1,1,0.0
76,28,76,[H]C(=C([H])C1=CC[C@]2([H])C(=C)C(=O)O[C@@]2([H])C[C@@H]1C)C(C)=O.CC(C)(C)C1=CC=C(S)C=C1,C=C1C(=O)OC2CC(C)C(C(CC(C)=O)Sc3ccc(C(C)(C)C)cc3)=CCC12,[H]C(=C([H])C1=CC[C@]2([H])C(=C)C(=O)O[C@@]2([H])C[C@@H]1C)C(C)=O.CC(C)(C)C1=CC=C(S)C=C1>>C=C1C(=O)OC2CC(C)C(C(CC(C)=O)Sc3ccc(C(C)(C)C)cc3)=CCC12,0,0.0
77,28,77,[H]C(=C([H])C1=CC[C@]2([H])C(=C)C(=O)O[C@@]2([H])C[C@@H]1C)C(C)=O.CC(C)(C)C1=CC=C(S)C=C1,CC(=O)C=CC1=CCC2C(CC1C)OC(=O)C2CSc1ccc(C(C)(C)C)cc1,[H]C(=C([H])C1=CC[C@]2([H])C(=C)C(=O)O[C@@]2([H])C[C@@H]1C)C(C)=O.CC(C)(C)C1=CC=C(S)C=C1>>CC(=O)C=CC1=CCC2C(CC1C)OC(=O)C2CSc1ccc(C(C)(C)C)cc1,1,0.0
78,29,78,[H]C(=C([H])C1=CC[C@]2([H])C(=C)C(=O)O[C@@]2([H])C[C@@H]1C)C(C)=O.CC1=CC(C)=C(S)C=C1,C=C1C(=O)OC2CC(C)C(C(CC(C)=O)Sc3ccc(C)cc3C)=CCC12,[H]C(=C([H])C1=CC[C@]2([H])C(=C)C(=O)O[C@@]2([H])C[C@@H]1C)C(C)=O.CC1=CC(C)=C(S)C=C1>>C=C1C(=O)OC2CC(C)C(C(CC(C)=O)Sc3ccc(C)cc3C)=CCC12,0,0.0
79,29,79,[H]C(=C([H])C1=CC[C@]2([H])C(=C)C(=O)O[C@@]2([H])C[C@@H]1C)C(C)=O.CC1=CC(C)=C(S)C=C1,CC(=O)C=CC1=CCC2C(CC1C)OC(=O)C2CSc1ccc(C)cc1C,[H]C(=C([H])C1=CC[C@]2([H])C(=C)C(=O)O[C@@]2([H])C[C@@H]1C)C(C)=O.CC1=CC(C)=C(S)C=C1>>CC(=O)C=CC1=CCC2C(CC1C)OC(=O)C2CSc1ccc(C)cc1C,1,0.0
80,30,80,[H]C(=C([H])C1=CC[C@]2([H])C(=C)C(=O)O[C@@]2([H])C[C@@H]1C)C(C)=O.FC1=CC=CC=C1S,C=C1C(=O)OC2CC(C)C(C(CC(C)=O)Sc3ccccc3F)=CCC12,[H]C(=C([H])C1=CC[C@]2([H])C(=C)C(=O)O[C@@]2([H])C[C@@H]1C)C(C)=O.FC1=CC=CC=C1S>>C=C1C(=O)OC2CC(C)C(C(CC(C)=O)Sc3ccccc3F)=CCC12,0,0.0
81,30,81,[H]C(=C([H])C1=CC[C@]2([H])C(=C)C(=O)O[C@@]2([H])C[C@@H]1C)C(C)=O.FC1=CC=CC=C1S,CC(=O)C=CC1=CCC2C(CC1C)OC(=O)C2CSc1ccccc1F,[H]C(=C([H])C1=CC[C@]2([H])C(=C)C(=O)O[C@@]2([H])C[C@@H]1C)C(C)=O.FC1=CC=CC=C1S>>CC(=O)C=CC1=CCC2C(CC1C)OC(=O)C2CSc1ccccc1F,1,0.0
82,31,82,[H]C(=C([H])C1=CC[C@]2([H])C(=C)C(=O)O[C@@]2([H])C[C@@H]1C)C(C)=O.FC1=CC(S)=CC=C1,CC(=O)C=CC1=CCC2C(CC1C)OC(=O)C2CSc1cccc(F)c1,[H]C(=C([H])C1=CC[C@]2([H])C(=C)C(=O)O[C@@]2([H])C[C@@H]1C)C(C)=O.FC1=CC(S)=CC=C1>>CC(=O)C=CC1=CCC2C(CC1C)OC(=O)C2CSc1cccc(F)c1,1,0.0
83,31,83,[H]C(=C([H])C1=CC[C@]2([H])C(=C)C(=O)O[C@@]2([H])C[C@@H]1C)C(C)=O.FC1=CC(S)=CC=C1,C=C1C(=O)OC2CC(C)C(C(CC(C)=O)Sc3cccc(F)c3)=CCC12,[H]C(=C([H])C1=CC[C@]2([H])C(=C)C(=O)O[C@@]2([H])C[C@@H]1C)C(C)=O.FC1=CC(S)=CC=C1>>C=C1C(=O)OC2CC(C)C(C(CC(C)=O)Sc3cccc(F)c3)=CCC12,0,0.0
84,32,84,FC1=CC=C(S)C=C1.[H]C(=C([H])C1=CC[C@]2([H])C(=C)C(=O)O[C@@]2([H])C[C@@H]1C)C(C)=O,C=C1C(=O)OC2CC(C)C(C(CC(C)=O)Sc3ccc(F)cc3)=CCC12,FC1=CC=C(S)C=C1.[H]C(=C([H])C1=CC[C@]2([H])C(=C)C(=O)O[C@@]2([H])C[C@@H]1C)C(C)=O>>C=C1C(=O)OC2CC(C)C(C(CC(C)=O)Sc3ccc(F)cc3)=CCC12,0,0.0
85,32,85,FC1=CC=C(S)C=C1.[H]C(=C([H])C1=CC[C@]2([H])C(=C)C(=O)O[C@@]2([H])C[C@@H]1C)C(C)=O,CC(=O)C=CC1=CCC2C(CC1C)OC(=O)C2CSc1ccc(F)cc1,FC1=CC=C(S)C=C1.[H]C(=C([H])C1=CC[C@]2([H])C(=C)C(=O)O[C@@]2([H])C[C@@H]1C)C(C)=O>>CC(=O)C=CC1=CCC2C(CC1C)OC(=O)C2CSc1ccc(F)cc1,1,0.0
86,33,86,[H]C(=C([H])C1=CC[C@]2([H])C(=C)C(=O)O[C@@]2([H])C[C@@H]1C)C(C)=O.FC1=CC=C(S)C(F)=C1,C=C1C(=O)OC2CC(C)C(C(CC(C)=O)Sc3ccc(F)cc3F)=CCC12,[H]C(=C([H])C1=CC[C@]2([H])C(=C)C(=O)O[C@@]2([H])C[C@@H]1C)C(C)=O.FC1=CC=C(S)C(F)=C1>>C=C1C(=O)OC2CC(C)C(C(CC(C)=O)Sc3ccc(F)cc3F)=CCC12,0,0.0
87,33,87,[H]C(=C([H])C1=CC[C@]2([H])C(=C)C(=O)O[C@@]2([H])C[C@@H]1C)C(C)=O.FC1=CC=C(S)C(F)=C1,CC(=O)C=CC1=CCC2C(CC1C)OC(=O)C2CSc1ccc(F)cc1F,[H]C(=C([H])C1=CC[C@]2([H])C(=C)C(=O)O[C@@]2([H])C[C@@H]1C)C(C)=O.FC1=CC=C(S)C(F)=C1>>CC(=O)C=CC1=CCC2C(CC1C)OC(=O)C2CSc1ccc(F)cc1F,1,0.0
88,34,88,SC1=CC(Cl)=CC=C1.[H]C(=C([H])C1=CC[C@]2([H])C(=C)C(=O)O[C@@]2([H])C[C@@H]1C)C(C)=O,CC(=O)C=CC1=CCC2C(CC1C)OC(=O)C2CSc1cccc(Cl)c1,SC1=CC(Cl)=CC=C1.[H]C(=C([H])C1=CC[C@]2([H])C(=C)C(=O)O[C@@]2([H])C[C@@H]1C)C(C)=O>>CC(=O)C=CC1=CCC2C(CC1C)OC(=O)C2CSc1cccc(Cl)c1,1,0.0
89,34,89,SC1=CC(Cl)=CC=C1.[H]C(=C([H])C1=CC[C@]2([H])C(=C)C(=O)O[C@@]2([H])C[C@@H]1C)C(C)=O,C=C1C(=O)OC2CC(C)C(C(CC(C)=O)Sc3cccc(Cl)c3)=CCC12,SC1=CC(Cl)=CC=C1.[H]C(=C([H])C1=CC[C@]2([H])C(=C)C(=O)O[C@@]2([H])C[C@@H]1C)C(C)=O>>C=C1C(=O)OC2CC(C)C(C(CC(C)=O)Sc3cccc(Cl)c3)=CCC12,0,0.0
90,35,90,[H]C(=C([H])C1=CC[C@]2([H])C(=C)C(=O)O[C@@]2([H])C[C@@H]1C)C(C)=O.SC1=CC=C(Cl)C=C1,C=C1C(=O)OC2CC(C)C(C(CC(C)=O)Sc3ccc(Cl)cc3)=CCC12,[H]C(=C([H])C1=CC[C@]2([H])C(=C)C(=O)O[C@@]2([H])C[C@@H]1C)C(C)=O.SC1=CC=C(Cl)C=C1>>C=C1C(=O)OC2CC(C)C(C(CC(C)=O)Sc3ccc(Cl)cc3)=CCC12,0,0.0
91,35,91,[H]C(=C([H])C1=CC[C@]2([H])C(=C)C(=O)O[C@@]2([H])C[C@@H]1C)C(C)=O.SC1=CC=C(Cl)C=C1,CC(=O)C=CC1=CCC2C(CC1C)OC(=O)C2CSc1ccc(Cl)cc1,[H]C(=C([H])C1=CC[C@]2([H])C(=C)C(=O)O[C@@]2([H])C[C@@H]1C)C(C)=O.SC1=CC=C(Cl)C=C1>>CC(=O)C=CC1=CCC2C(CC1C)OC(=O)C2CSc1ccc(Cl)cc1,1,0.0
92,36,92,[H]C(=C([H])C1=CC[C@]2([H])C(=C)C(=O)O[C@@]2([H])C[C@@H]1C)C(C)=O.SC1=CC=C(Cl)C=C1Cl,C=C1C(=O)OC2CC(C)C(C(CC(C)=O)Sc3ccc(Cl)cc3Cl)=CCC12,[H]C(=C([H])C1=CC[C@]2([H])C(=C)C(=O)O[C@@]2([H])C[C@@H]1C)C(C)=O.SC1=CC=C(Cl)C=C1Cl>>C=C1C(=O)OC2CC(C)C(C(CC(C)=O)Sc3ccc(Cl)cc3Cl)=CCC12,0,0.0
93,36,93,[H]C(=C([H])C1=CC[C@]2([H])C(=C)C(=O)O[C@@]2([H])C[C@@H]1C)C(C)=O.SC1=CC=C(Cl)C=C1Cl,CC(=O)C=CC1=CCC2C(CC1C)OC(=O)C2CSc1ccc(Cl)cc1Cl,[H]C(=C([H])C1=CC[C@]2([H])C(=C)C(=O)O[C@@]2([H])C[C@@H]1C)C(C)=O.SC1=CC=C(Cl)C=C1Cl>>CC(=O)C=CC1=CCC2C(CC1C)OC(=O)C2CSc1ccc(Cl)cc1Cl,1,0.0
94,37,94,[H]C(=C([H])C1=CC[C@]2([H])C(=C)C(=O)O[C@@]2([H])C[C@@H]1C)C(C)=O.SC1=C(Br)C=CC=C1,C=C1C(=O)OC2CC(C)C(C(CC(C)=O)Sc3ccccc3Br)=CCC12,[H]C(=C([H])C1=CC[C@]2([H])C(=C)C(=O)O[C@@]2([H])C[C@@H]1C)C(C)=O.SC1=C(Br)C=CC=C1>>C=C1C(=O)OC2CC(C)C(C(CC(C)=O)Sc3ccccc3Br)=CCC12,0,0.0
95,37,95,[H]C(=C([H])C1=CC[C@]2([H])C(=C)C(=O)O[C@@]2([H])C[C@@H]1C)C(C)=O.SC1=C(Br)C=CC=C1,CC(=O)C=CC1=CCC2C(CC1C)OC(=O)C2CSc1ccccc1Br,[H]C(=C([H])C1=CC[C@]2([H])C(=C)C(=O)O[C@@]2([H])C[C@@H]1C)C(C)=O.SC1=C(Br)C=CC=C1>>CC(=O)C=CC1=CCC2C(CC1C)OC(=O)C2CSc1ccccc1Br,1,0.0
96,38,96,SC1=CC=CC(Br)=C1.[H]C(=C([H])C1=CC[C@]2([H])C(=C)C(=O)O[C@@]2([H])C[C@@H]1C)C(C)=O,CC(=O)C=CC1=CCC2C(CC1C)OC(=O)C2CSc1cccc(Br)c1,SC1=CC=CC(Br)=C1.[H]C(=C([H])C1=CC[C@]2([H])C(=C)C(=O)O[C@@]2([H])C[C@@H]1C)C(C)=O>>CC(=O)C=CC1=CCC2C(CC1C)OC(=O)C2CSc1cccc(Br)c1,1,0.0
97,38,97,SC1=CC=CC(Br)=C1.[H]C(=C([H])C1=CC[C@]2([H])C(=C)C(=O)O[C@@]2([H])C[C@@H]1C)C(C)=O,C=C1C(=O)OC2CC(C)C(C(CC(C)=O)Sc3cccc(Br)c3)=CCC12,SC1=CC=CC(Br)=C1.[H]C(=C([H])C1=CC[C@]2([H])C(=C)C(=O)O[C@@]2([H])C[C@@H]1C)C(C)=O>>C=C1C(=O)OC2CC(C)C(C(CC(C)=O)Sc3cccc(Br)c3)=CCC12,0,0.0
98,39,98,[H]C(=C([H])C1=CC[C@]2([H])C(=C)C(=O)O[C@@]2([H])C[C@@H]1C)C(C)=O.SC1=CC=C(Br)C=C1,CC(=O)C=CC1=CCC2C(CC1C)OC(=O)C2CSc1ccc(Br)cc1,[H]C(=C([H])C1=CC[C@]2([H])C(=C)C(=O)O[C@@]2([H])C[C@@H]1C)C(C)=O.SC1=CC=C(Br)C=C1>>CC(=O)C=CC1=CCC2C(CC1C)OC(=O)C2CSc1ccc(Br)cc1,1,0.0
99,39,99,[H]C(=C([H])C1=CC[C@]2([H])C(=C)C(=O)O[C@@]2([H])C[C@@H]1C)C(C)=O.SC1=CC=C(Br)C=C1,C=C1C(=O)OC2CC(C)C(C(CC(C)=O)Sc3ccc(Br)cc3)=CCC12,[H]C(=C([H])C1=CC[C@]2([H])C(=C)C(=O)O[C@@]2([H])C[C@@H]1C)C(C)=O.SC1=CC=C(Br)C=C1>>C=C1C(=O)OC2CC(C)C(C(CC(C)=O)Sc3ccc(Br)cc3)=CCC12,0,0.0
100,40,100,[H]C(=C([H])C1=CC[C@]2([H])C(=C)C(=O)O[C@@]2([H])C[C@@H]1C)C(C)=O.SC1=CC2=C(C=CC=C2)C=C1,C=C1C(=O)OC2CC(C)C(C(CC(C)=O)Sc3ccc4ccccc4c3)=CCC12,[H]C(=C([H])C1=CC[C@]2([H])C(=C)C(=O)O[C@@]2([H])C[C@@H]1C)C(C)=O.SC1=CC2=C(C=CC=C2)C=C1>>C=C1C(=O)OC2CC(C)C(C(CC(C)=O)Sc3ccc4ccccc4c3)=CCC12,0,0.0
101,40,101,[H]C(=C([H])C1=CC[C@]2([H])C(=C)C(=O)O[C@@]2([H])C[C@@H]1C)C(C)=O.SC1=CC2=C(C=CC=C2)C=C1,CC(=O)C=CC1=CCC2C(CC1C)OC(=O)C2CSc1ccc2ccccc2c1,[H]C(=C([H])C1=CC[C@]2([H])C(=C)C(=O)O[C@@]2([H])C[C@@H]1C)C(C)=O.SC1=CC2=C(C=CC=C2)C=C1>>CC(=O)C=CC1=CCC2C(CC1C)OC(=O)C2CSc1ccc2ccccc2c1,1,0.0
102,41,102,[H]C(=C([H])C1=CC[C@]2([H])C(=C)C(=O)O[C@@]2([H])C[C@@H]1C)C(C)=O.CC1=C(S)C=CO1,CC(=O)C=CC1=CCC2C(CC1C)OC(=O)C2CSc1ccoc1C,[H]C(=C([H])C1=CC[C@]2([H])C(=C)C(=O)O[C@@]2([H])C[C@@H]1C)C(C)=O.CC1=C(S)C=CO1>>CC(=O)C=CC1=CCC2C(CC1C)OC(=O)C2CSc1ccoc1C,1,0.0
103,41,103,[H]C(=C([H])C1=CC[C@]2([H])C(=C)C(=O)O[C@@]2([H])C[C@@H]1C)C(C)=O.CC1=C(S)C=CO1,C=C1C(=O)OC2CC(C)C(C(CC(C)=O)Sc3ccoc3C)=CCC12,[H]C(=C([H])C1=CC[C@]2([H])C(=C)C(=O)O[C@@]2([H])C[C@@H]1C)C(C)=O.CC1=C(S)C=CO1>>C=C1C(=O)OC2CC(C)C(C(CC(C)=O)Sc3ccoc3C)=CCC12,0,0.0
104,42,104,SC1=CC=NC=C1.[H]C(=C([H])C1=CC[C@]2([H])C(=C)C(=O)O[C@@]2([H])C[C@@H]1C)C(C)=O,CC(=O)C=CC1=CCC2C(CC1C)OC(=O)C2CSc1ccncc1,SC1=CC=NC=C1.[H]C(=C([H])C1=CC[C@]2([H])C(=C)C(=O)O[C@@]2([H])C[C@@H]1C)C(C)=O>>CC(=O)C=CC1=CCC2C(CC1C)OC(=O)C2CSc1ccncc1,1,0.0
105,42,105,SC1=CC=NC=C1.[H]C(=C([H])C1=CC[C@]2([H])C(=C)C(=O)O[C@@]2([H])C[C@@H]1C)C(C)=O,C=C1C(=O)OC2CC(C)C(C(CC(C)=O)Sc3ccncc3)=CCC12,SC1=CC=NC=C1.[H]C(=C([H])C1=CC[C@]2([H])C(=C)C(=O)O[C@@]2([H])C[C@@H]1C)C(C)=O>>C=C1C(=O)OC2CC(C)C(C(CC(C)=O)Sc3ccncc3)=CCC12,0,0.0
106,43,106,[H]C(=C([H])C1=CC[C@]2([H])C(=C)C(=O)O[C@@]2([H])C[C@@H]1C)C(C)=O.CC1OCCC1S,CC(=O)C=CC1=CCC2C(CC1C)OC(=O)C2CSC1CCOC1C,[H]C(=C([H])C1=CC[C@]2([H])C(=C)C(=O)O[C@@]2([H])C[C@@H]1C)C(C)=O.CC1OCCC1S>>CC(=O)C=CC1=CCC2C(CC1C)OC(=O)C2CSC1CCOC1C,1,0.0
107,43,107,[H]C(=C([H])C1=CC[C@]2([H])C(=C)C(=O)O[C@@]2([H])C[C@@H]1C)C(C)=O.CC1OCCC1S,C=C1C(=O)OC2CC(C)C(C(CC(C)=O)SC3CCOC3C)=CCC12,[H]C(=C([H])C1=CC[C@]2([H])C(=C)C(=O)O[C@@]2([H])C[C@@H]1C)C(C)=O.CC1OCCC1S>>C=C1C(=O)OC2CC(C)C(C(CC(C)=O)SC3CCOC3C)=CCC12,0,0.0
108,44,108,CCCCC[C@H](O)\C=C\[C@H]1C=CC(=O)\C1=C\CCCCCC(=O)OC.OCCS,CCCCCC(O)C=CC1C=CC(=O)C1C(CCCCCC(=O)OC)SCCO,CCCCC[C@H](O)\C=C\[C@H]1C=CC(=O)\C1=C\CCCCCC(=O)OC.OCCS>>CCCCCC(O)C=CC1C=CC(=O)C1C(CCCCCC(=O)OC)SCCO,0,0.0
109,44,109,CCCCC[C@H](O)\C=C\[C@H]1C=CC(=O)\C1=C\CCCCCC(=O)OC.OCCS,CCCCCC(O)C=CC1C(=CCCCCCC(=O)OC)C(=O)CC1SCCO,CCCCC[C@H](O)\C=C\[C@H]1C=CC(=O)\C1=C\CCCCCC(=O)OC.OCCS>>CCCCCC(O)C=CC1C(=CCCCCCC(=O)OC)C(=O)CC1SCCO,1,0.0
110,45,110,COC(=O)CS.CCCCC[C@H](O)\C=C\[C@H]1C=CC(=O)\C1=C\CCCCCC(=O)OC,CCCCCC(O)C=CC1C=CC(=O)C1C(CCCCCC(=O)OC)SCC(=O)OC,COC(=O)CS.CCCCC[C@H](O)\C=C\[C@H]1C=CC(=O)\C1=C\CCCCCC(=O)OC>>CCCCCC(O)C=CC1C=CC(=O)C1C(CCCCCC(=O)OC)SCC(=O)OC,0,0.0
111,45,111,COC(=O)CS.CCCCC[C@H](O)\C=C\[C@H]1C=CC(=O)\C1=C\CCCCCC(=O)OC,CCCCCC(O)C=CC1C(=CCCCCCC(=O)OC)C(=O)CC1SCC(=O)OC,COC(=O)CS.CCCCC[C@H](O)\C=C\[C@H]1C=CC(=O)\C1=C\CCCCCC(=O)OC>>CCCCCC(O)C=CC1C(=CCCCCCC(=O)OC)C(=O)CC1SCC(=O)OC,1,0.0
112,46,112,OC(=O)\C=C\C(=O)C1=CC=C(Br)C=C1.OC(=O)CS,O=C(O)CSC(CC(=O)c1ccc(Br)cc1)C(=O)O,OC(=O)\C=C\C(=O)C1=CC=C(Br)C=C1.OC(=O)CS>>O=C(O)CSC(CC(=O)c1ccc(Br)cc1)C(=O)O,1,0.0
113,46,113,OC(=O)\C=C\C(=O)C1=CC=C(Br)C=C1.OC(=O)CS,O=C(O)CSC(CC(=O)O)C(=O)c1ccc(Br)cc1,OC(=O)\C=C\C(=O)C1=CC=C(Br)C=C1.OC(=O)CS>>O=C(O)CSC(CC(=O)O)C(=O)c1ccc(Br)cc1,0,0.0
114,47,114,CCOC(=O)\C=C\C(=O)C1=CC=CC=C1.SCC1=CC=C(Cl)C=C1,CCOC(=O)C(CC(=O)c1ccccc1)SCc1ccc(Cl)cc1,CCOC(=O)\C=C\C(=O)C1=CC=CC=C1.SCC1=CC=C(Cl)C=C1>>CCOC(=O)C(CC(=O)c1ccccc1)SCc1ccc(Cl)cc1,1,0.0
115,47,115,CCOC(=O)\C=C\C(=O)C1=CC=CC=C1.SCC1=CC=C(Cl)C=C1,CCOC(=O)CC(SCc1ccc(Cl)cc1)C(=O)c1ccccc1,CCOC(=O)\C=C\C(=O)C1=CC=CC=C1.SCC1=CC=C(Cl)C=C1>>CCOC(=O)CC(SCc1ccc(Cl)cc1)C(=O)c1ccccc1,0,0.0
116,48,116,CCOC(=O)\C=C\C(=O)C1=CC=CC=C1.COC1=CC=C(CS)C=C1,CCOC(=O)CC(SCc1ccc(OC)cc1)C(=O)c1ccccc1,CCOC(=O)\C=C\C(=O)C1=CC=CC=C1.COC1=CC=C(CS)C=C1>>CCOC(=O)CC(SCc1ccc(OC)cc1)C(=O)c1ccccc1,0,0.0
117,48,117,CCOC(=O)\C=C\C(=O)C1=CC=CC=C1.COC1=CC=C(CS)C=C1,CCOC(=O)C(CC(=O)c1ccccc1)SCc1ccc(OC)cc1,CCOC(=O)\C=C\C(=O)C1=CC=CC=C1.COC1=CC=C(CS)C=C1>>CCOC(=O)C(CC(=O)c1ccccc1)SCc1ccc(OC)cc1,1,0.0
118,49,118,SC1CCCCC1.CCOC(=O)\C=C\C(=O)C1=CC=CC=C1,CCOC(=O)CC(SC1CCCCC1)C(=O)c1ccccc1,SC1CCCCC1.CCOC(=O)\C=C\C(=O)C1=CC=CC=C1>>CCOC(=O)CC(SC1CCCCC1)C(=O)c1ccccc1,0,0.0
119,49,119,SC1CCCCC1.CCOC(=O)\C=C\C(=O)C1=CC=CC=C1,CCOC(=O)C(CC(=O)c1ccccc1)SC1CCCCC1,SC1CCCCC1.CCOC(=O)\C=C\C(=O)C1=CC=CC=C1>>CCOC(=O)C(CC(=O)c1ccccc1)SC1CCCCC1,1,0.0
120,50,120,CCOC(=O)\C=C\C(=O)C1=CC=CC=C1.CCCCCCCCCCCCS,CCCCCCCCCCCCSC(CC(=O)c1ccccc1)C(=O)OCC,CCOC(=O)\C=C\C(=O)C1=CC=CC=C1.CCCCCCCCCCCCS>>CCCCCCCCCCCCSC(CC(=O)c1ccccc1)C(=O)OCC,1,0.0
121,50,121,CCOC(=O)\C=C\C(=O)C1=CC=CC=C1.CCCCCCCCCCCCS,CCCCCCCCCCCCSC(CC(=O)OCC)C(=O)c1ccccc1,CCOC(=O)\C=C\C(=O)C1=CC=CC=C1.CCCCCCCCCCCCS>>CCCCCCCCCCCCSC(CC(=O)OCC)C(=O)c1ccccc1,0,0.0
122,51,122,CCOC(=O)\C=C\C(=O)C1=CC=CC=C1.CC(C)(C)C1=CC=C(CS)C=C1,CCOC(=O)CC(SCc1ccc(C(C)(C)C)cc1)C(=O)c1ccccc1,CCOC(=O)\C=C\C(=O)C1=CC=CC=C1.CC(C)(C)C1=CC=C(CS)C=C1>>CCOC(=O)CC(SCc1ccc(C(C)(C)C)cc1)C(=O)c1ccccc1,0,0.0
123,51,123,CCOC(=O)\C=C\C(=O)C1=CC=CC=C1.CC(C)(C)C1=CC=C(CS)C=C1,CCOC(=O)C(CC(=O)c1ccccc1)SCc1ccc(C(C)(C)C)cc1,CCOC(=O)\C=C\C(=O)C1=CC=CC=C1.CC(C)(C)C1=CC=C(CS)C=C1>>CCOC(=O)C(CC(=O)c1ccccc1)SCc1ccc(C(C)(C)C)cc1,1,0.0
124,52,124,SCCC1=CC=CC=C1.CCOC(=O)\C=C\C(=O)C1=CC=CC=C1,CCOC(=O)CC(SCCc1ccccc1)C(=O)c1ccccc1,SCCC1=CC=CC=C1.CCOC(=O)\C=C\C(=O)C1=CC=CC=C1>>CCOC(=O)CC(SCCc1ccccc1)C(=O)c1ccccc1,0,0.0
125,52,125,SCCC1=CC=CC=C1.CCOC(=O)\C=C\C(=O)C1=CC=CC=C1,CCOC(=O)C(CC(=O)c1ccccc1)SCCc1ccccc1,SCCC1=CC=CC=C1.CCOC(=O)\C=C\C(=O)C1=CC=CC=C1>>CCOC(=O)C(CC(=O)c1ccccc1)SCCc1ccccc1,1,0.0
126,53,126,CCOC(=O)\C=C\C(=O)C1=CC=C(C=C1)C(C)(C)C.CC(C)(C)C1=CC=C(CS)C=C1,CCOC(=O)C(CC(=O)c1ccc(C(C)(C)C)cc1)SCc1ccc(C(C)(C)C)cc1,CCOC(=O)\C=C\C(=O)C1=CC=C(C=C1)C(C)(C)C.CC(C)(C)C1=CC=C(CS)C=C1>>CCOC(=O)C(CC(=O)c1ccc(C(C)(C)C)cc1)SCc1ccc(C(C)(C)C)cc1,1,0.0
127,53,127,CCOC(=O)\C=C\C(=O)C1=CC=C(C=C1)C(C)(C)C.CC(C)(C)C1=CC=C(CS)C=C1,CCOC(=O)CC(SCc1ccc(C(C)(C)C)cc1)C(=O)c1ccc(C(C)(C)C)cc1,CCOC(=O)\C=C\C(=O)C1=CC=C(C=C1)C(C)(C)C.CC(C)(C)C1=CC=C(CS)C=C1>>CCOC(=O)CC(SCc1ccc(C(C)(C)C)cc1)C(=O)c1ccc(C(C)(C)C)cc1,0,0.0
128,54,128,CC(C)(C)C1=CC=C(CS)C=C1.CCOC(=O)\C=C\C(=O)C1=CC=C(C=C1)C(C)C,CCOC(=O)C(CC(=O)c1ccc(C(C)C)cc1)SCc1ccc(C(C)(C)C)cc1,CC(C)(C)C1=CC=C(CS)C=C1.CCOC(=O)\C=C\C(=O)C1=CC=C(C=C1)C(C)C>>CCOC(=O)C(CC(=O)c1ccc(C(C)C)cc1)SCc1ccc(C(C)(C)C)cc1,1,0.0
129,54,129,CC(C)(C)C1=CC=C(CS)C=C1.CCOC(=O)\C=C\C(=O)C1=CC=C(C=C1)C(C)C,CCOC(=O)CC(SCc1ccc(C(C)(C)C)cc1)C(=O)c1ccc(C(C)C)cc1,CC(C)(C)C1=CC=C(CS)C=C1.CCOC(=O)\C=C\C(=O)C1=CC=C(C=C1)C(C)C>>CCOC(=O)CC(SCc1ccc(C(C)(C)C)cc1)C(=O)c1ccc(C(C)C)cc1,0,0.0
130,55,130,CC(C)(C)C1=CC=C(CS)C=C1.CCOC(=O)\C=C\C(=O)C1=C(C)C=C(C)C=C1C,CCOC(=O)C(CC(=O)c1c(C)cc(C)cc1C)SCc1ccc(C(C)(C)C)cc1,CC(C)(C)C1=CC=C(CS)C=C1.CCOC(=O)\C=C\C(=O)C1=C(C)C=C(C)C=C1C>>CCOC(=O)C(CC(=O)c1c(C)cc(C)cc1C)SCc1ccc(C(C)(C)C)cc1,1,0.0
131,55,131,CC(C)(C)C1=CC=C(CS)C=C1.CCOC(=O)\C=C\C(=O)C1=C(C)C=C(C)C=C1C,CCOC(=O)CC(SCc1ccc(C(C)(C)C)cc1)C(=O)c1c(C)cc(C)cc1C,CC(C)(C)C1=CC=C(CS)C=C1.CCOC(=O)\C=C\C(=O)C1=C(C)C=C(C)C=C1C>>CCOC(=O)CC(SCc1ccc(C(C)(C)C)cc1)C(=O)c1c(C)cc(C)cc1C,0,0.0
132,56,132,CCOC(=O)\C=C\C(=O)C1=CC2=C(C=CC=C2)C=C1.CC(C)(C)C1=CC=C(CS)C=C1,CCOC(=O)C(CC(=O)c1ccc2ccccc2c1)SCc1ccc(C(C)(C)C)cc1,CCOC(=O)\C=C\C(=O)C1=CC2=C(C=CC=C2)C=C1.CC(C)(C)C1=CC=C(CS)C=C1>>CCOC(=O)C(CC(=O)c1ccc2ccccc2c1)SCc1ccc(C(C)(C)C)cc1,1,0.0
133,56,133,CCOC(=O)\C=C\C(=O)C1=CC2=C(C=CC=C2)C=C1.CC(C)(C)C1=CC=C(CS)C=C1,CCOC(=O)CC(SCc1ccc(C(C)(C)C)cc1)C(=O)c1ccc2ccccc2c1,CCOC(=O)\C=C\C(=O)C1=CC2=C(C=CC=C2)C=C1.CC(C)(C)C1=CC=C(CS)C=C1>>CCOC(=O)CC(SCc1ccc(C(C)(C)C)cc1)C(=O)c1ccc2ccccc2c1,0,0.0
134,57,134,CC(C)(C)C1=CC=C(CS)C=C1.CCOC(=O)\C=C\C(=O)C1=CC=C(NC(C)=O)C=C1,CCOC(=O)C(CC(=O)c1ccc(NC(C)=O)cc1)SCc1ccc(C(C)(C)C)cc1,CC(C)(C)C1=CC=C(CS)C=C1.CCOC(=O)\C=C\C(=O)C1=CC=C(NC(C)=O)C=C1>>CCOC(=O)C(CC(=O)c1ccc(NC(C)=O)cc1)SCc1ccc(C(C)(C)C)cc1,1,0.0
135,57,135,CC(C)(C)C1=CC=C(CS)C=C1.CCOC(=O)\C=C\C(=O)C1=CC=C(NC(C)=O)C=C1,CCOC(=O)CC(SCc1ccc(C(C)(C)C)cc1)C(=O)c1ccc(NC(C)=O)cc1,CC(C)(C)C1=CC=C(CS)C=C1.CCOC(=O)\C=C\C(=O)C1=CC=C(NC(C)=O)C=C1>>CCOC(=O)CC(SCc1ccc(C(C)(C)C)cc1)C(=O)c1ccc(NC(C)=O)cc1,0,0.0
136,58,136,CCOC(=O)\C=C\C(=O)C1=CC=C(OC)C=C1.CC(C)(C)C1=CC=C(CS)C=C1,CCOC(=O)C(CC(=O)c1ccc(OC)cc1)SCc1ccc(C(C)(C)C)cc1,CCOC(=O)\C=C\C(=O)C1=CC=C(OC)C=C1.CC(C)(C)C1=CC=C(CS)C=C1>>CCOC(=O)C(CC(=O)c1ccc(OC)cc1)SCc1ccc(C(C)(C)C)cc1,1,0.0
137,58,137,CCOC(=O)\C=C\C(=O)C1=CC=C(OC)C=C1.CC(C)(C)C1=CC=C(CS)C=C1,CCOC(=O)CC(SCc1ccc(C(C)(C)C)cc1)C(=O)c1ccc(OC)cc1,CCOC(=O)\C=C\C(=O)C1=CC=C(OC)C=C1.CC(C)(C)C1=CC=C(CS)C=C1>>CCOC(=O)CC(SCc1ccc(C(C)(C)C)cc1)C(=O)c1ccc(OC)cc1,0,0.0
138,59,138,CCOC(=O)\C=C\C=C\C(=O)C1=CC=CC=C1.SCC1=CC=CC=C1,CCOC(=O)CC(C=CC(=O)c1ccccc1)SCc1ccccc1,CCOC(=O)\C=C\C=C\C(=O)C1=CC=CC=C1.SCC1=CC=CC=C1>>CCOC(=O)CC(C=CC(=O)c1ccccc1)SCc1ccccc1,0,0.0
139,59,139,CCOC(=O)\C=C\C=C\C(=O)C1=CC=CC=C1.SCC1=CC=CC=C1,CCOC(=O)C=CC(CC(=O)c1ccccc1)SCc1ccccc1,CCOC(=O)\C=C\C=C\C(=O)C1=CC=CC=C1.SCC1=CC=CC=C1>>CCOC(=O)C=CC(CC(=O)c1ccccc1)SCc1ccccc1,1,0.0
140,60,140,CCOC(=O)\C=C\C=C\C(=O)C1=CC=C2C=CC=CC2=C1.SCC1=CC=CC=C1,CCOC(=O)CC(C=CC(=O)c1ccc2ccccc2c1)SCc1ccccc1,CCOC(=O)\C=C\C=C\C(=O)C1=CC=C2C=CC=CC2=C1.SCC1=CC=CC=C1>>CCOC(=O)CC(C=CC(=O)c1ccc2ccccc2c1)SCc1ccccc1,0,0.0
141,60,141,CCOC(=O)\C=C\C=C\C(=O)C1=CC=C2C=CC=CC2=C1.SCC1=CC=CC=C1,CCOC(=O)C=CC(CC(=O)c1ccc2ccccc2c1)SCc1ccccc1,CCOC(=O)\C=C\C=C\C(=O)C1=CC=C2C=CC=CC2=C1.SCC1=CC=CC=C1>>CCOC(=O)C=CC(CC(=O)c1ccc2ccccc2c1)SCc1ccccc1,1,0.0
142,61,142,SCC1=CC=CC=C1.CC(C)[C@@H]1CC[C@@H](C)C[C@H]1OC(=O)\C=C\C(=O)C1=CC=CC=C1,CC1CCC(C(C)C)C(OC(=O)CC(SCc2ccccc2)C(=O)c2ccccc2)C1,SCC1=CC=CC=C1.CC(C)[C@@H]1CC[C@@H](C)C[C@H]1OC(=O)\C=C\C(=O)C1=CC=CC=C1>>CC1CCC(C(C)C)C(OC(=O)CC(SCc2ccccc2)C(=O)c2ccccc2)C1,0,0.0
143,61,143,SCC1=CC=CC=C1.CC(C)[C@@H]1CC[C@@H](C)C[C@H]1OC(=O)\C=C\C(=O)C1=CC=CC=C1,CC1CCC(C(C)C)C(OC(=O)C(CC(=O)c2ccccc2)SCc2ccccc2)C1,SCC1=CC=CC=C1.CC(C)[C@@H]1CC[C@@H](C)C[C@H]1OC(=O)\C=C\C(=O)C1=CC=CC=C1>>CC1CCC(C(C)C)C(OC(=O)C(CC(=O)c2ccccc2)SCc2ccccc2)C1,1,0.0
144,62,144,CCOC(=O)\C=C\C(=O)C1=CC=C(Br)C=C1.CC(C)(C)C1=CC=C(CS)C=C1,CCOC(=O)C(CC(=O)c1ccc(Br)cc1)SCc1ccc(C(C)(C)C)cc1,CCOC(=O)\C=C\C(=O)C1=CC=C(Br)C=C1.CC(C)(C)C1=CC=C(CS)C=C1>>CCOC(=O)C(CC(=O)c1ccc(Br)cc1)SCc1ccc(C(C)(C)C)cc1,1,0.0
145,62,145,CCOC(=O)\C=C\C(=O)C1=CC=C(Br)C=C1.CC(C)(C)C1=CC=C(CS)C=C1,CCOC(=O)CC(SCc1ccc(C(C)(C)C)cc1)C(=O)c1ccc(Br)cc1,CCOC(=O)\C=C\C(=O)C1=CC=C(Br)C=C1.CC(C)(C)C1=CC=C(CS)C=C1>>CCOC(=O)CC(SCc1ccc(C(C)(C)C)cc1)C(=O)c1ccc(Br)cc1,0,0.0
146,63,146,CCOC(=O)\C=C\C(=O)C1=CC=C(Cl)C=C1.CC(C)(C)C1=CC=C(CS)C=C1,CCOC(=O)C(CC(=O)c1ccc(Cl)cc1)SCc1ccc(C(C)(C)C)cc1,CCOC(=O)\C=C\C(=O)C1=CC=C(Cl)C=C1.CC(C)(C)C1=CC=C(CS)C=C1>>CCOC(=O)C(CC(=O)c1ccc(Cl)cc1)SCc1ccc(C(C)(C)C)cc1,1,0.0
147,63,147,CCOC(=O)\C=C\C(=O)C1=CC=C(Cl)C=C1.CC(C)(C)C1=CC=C(CS)C=C1,CCOC(=O)CC(SCc1ccc(C(C)(C)C)cc1)C(=O)c1ccc(Cl)cc1,CCOC(=O)\C=C\C(=O)C1=CC=C(Cl)C=C1.CC(C)(C)C1=CC=C(CS)C=C1>>CCOC(=O)CC(SCc1ccc(C(C)(C)C)cc1)C(=O)c1ccc(Cl)cc1,0,0.0
148,64,148,CCOC(=O)\C=C\C(=O)C1=CC=C(F)C=C1.CC(C)(C)C1=CC=C(CS)C=C1,CCOC(=O)C(CC(=O)c1ccc(F)cc1)SCc1ccc(C(C)(C)C)cc1,CCOC(=O)\C=C\C(=O)C1=CC=C(F)C=C1.CC(C)(C)C1=CC=C(CS)C=C1>>CCOC(=O)C(CC(=O)c1ccc(F)cc1)SCc1ccc(C(C)(C)C)cc1,1,0.0
149,64,149,CCOC(=O)\C=C\C(=O)C1=CC=C(F)C=C1.CC(C)(C)C1=CC=C(CS)C=C1,CCOC(=O)CC(SCc1ccc(C(C)(C)C)cc1)C(=O)c1ccc(F)cc1,CCOC(=O)\C=C\C(=O)C1=CC=C(F)C=C1.CC(C)(C)C1=CC=C(CS)C=C1>>CCOC(=O)CC(SCc1ccc(C(C)(C)C)cc1)C(=O)c1ccc(F)cc1,0,0.0
150,65,150,CCOC(=O)\C=C\C(=O)C1=CC=C(C=C1)N(=O)=O.CC(C)(C)C1=CC=C(CS)C=C1,CCOC(=O)C(CC(=O)c1ccc([N+](=O)[O-])cc1)SCc1ccc(C(C)(C)C)cc1,CCOC(=O)\C=C\C(=O)C1=CC=C(C=C1)N(=O)=O.CC(C)(C)C1=CC=C(CS)C=C1>>CCOC(=O)C(CC(=O)c1ccc([N+](=O)[O-])cc1)SCc1ccc(C(C)(C)C)cc1,1,0.0
151,65,151,CCOC(=O)\C=C\C(=O)C1=CC=C(C=C1)N(=O)=O.CC(C)(C)C1=CC=C(CS)C=C1,CCOC(=O)CC(SCc1ccc(C(C)(C)C)cc1)C(=O)c1ccc([N+](=O)[O-])cc1,CCOC(=O)\C=C\C(=O)C1=CC=C(C=C1)N(=O)=O.CC(C)(C)C1=CC=C(CS)C=C1>>CCOC(=O)CC(SCc1ccc(C(C)(C)C)cc1)C(=O)c1ccc([N+](=O)[O-])cc1,0,0.0
152,66,152,CCOC(=O)\C=C\C(=O)C(C)(C)C.CC(C)(C)C1=CC=C(CS)C=C1,CCOC(=O)C(CC(=O)C(C)(C)C)SCc1ccc(C(C)(C)C)cc1,CCOC(=O)\C=C\C(=O)C(C)(C)C.CC(C)(C)C1=CC=C(CS)C=C1>>CCOC(=O)C(CC(=O)C(C)(C)C)SCc1ccc(C(C)(C)C)cc1,1,0.0
153,66,153,CCOC(=O)\C=C\C(=O)C(C)(C)C.CC(C)(C)C1=CC=C(CS)C=C1,CCOC(=O)CC(SCc1ccc(C(C)(C)C)cc1)C(=O)C(C)(C)C,CCOC(=O)\C=C\C(=O)C(C)(C)C.CC(C)(C)C1=CC=C(CS)C=C1>>CCOC(=O)CC(SCc1ccc(C(C)(C)C)cc1)C(=O)C(C)(C)C,0,0.0
154,67,154,CC(C)(C)C1=CC=C(CS)C=C1.CCOC(=O)\C=C\C(=O)C(C)C,CCOC(=O)C(CC(=O)C(C)C)SCc1ccc(C(C)(C)C)cc1,CC(C)(C)C1=CC=C(CS)C=C1.CCOC(=O)\C=C\C(=O)C(C)C>>CCOC(=O)C(CC(=O)C(C)C)SCc1ccc(C(C)(C)C)cc1,1,0.0
155,67,155,CC(C)(C)C1=CC=C(CS)C=C1.CCOC(=O)\C=C\C(=O)C(C)C,CCOC(=O)CC(SCc1ccc(C(C)(C)C)cc1)C(=O)C(C)C,CC(C)(C)C1=CC=C(CS)C=C1.CCOC(=O)\C=C\C(=O)C(C)C>>CCOC(=O)CC(SCc1ccc(C(C)(C)C)cc1)C(=O)C(C)C,0,0.0
156,68,156,CCOC(=O)\C=C\C(C)=O.CC(C)(C)C1=CC=C(CS)C=C1,CCOC(=O)C(CC(C)=O)SCc1ccc(C(C)(C)C)cc1,CCOC(=O)\C=C\C(C)=O.CC(C)(C)C1=CC=C(CS)C=C1>>CCOC(=O)C(CC(C)=O)SCc1ccc(C(C)(C)C)cc1,1,0.0
157,68,157,CCOC(=O)\C=C\C(C)=O.CC(C)(C)C1=CC=C(CS)C=C1,CCOC(=O)CC(SCc1ccc(C(C)(C)C)cc1)C(C)=O,CCOC(=O)\C=C\C(C)=O.CC(C)(C)C1=CC=C(CS)C=C1>>CCOC(=O)CC(SCc1ccc(C(C)(C)C)cc1)C(C)=O,0,0.0
158,69,158,CC(C)(C)C1=CC=C(CS)C=C1.CCCCCCOC(=O)\C=C\C(=O)C1=CC=CC=C1,CCCCCCOC(=O)C(CC(=O)c1ccccc1)SCc1ccc(C(C)(C)C)cc1,CC(C)(C)C1=CC=C(CS)C=C1.CCCCCCOC(=O)\C=C\C(=O)C1=CC=CC=C1>>CCCCCCOC(=O)C(CC(=O)c1ccccc1)SCc1ccc(C(C)(C)C)cc1,1,0.0
159,69,159,CC(C)(C)C1=CC=C(CS)C=C1.CCCCCCOC(=O)\C=C\C(=O)C1=CC=CC=C1,CCCCCCOC(=O)CC(SCc1ccc(C(C)(C)C)cc1)C(=O)c1ccccc1,CC(C)(C)C1=CC=C(CS)C=C1.CCCCCCOC(=O)\C=C\C(=O)C1=CC=CC=C1>>CCCCCCOC(=O)CC(SCc1ccc(C(C)(C)C)cc1)C(=O)c1ccccc1,0,0.0
160,70,160,CC(C)(C)C1=CC=C(CS)C=C1.CCCCCCCCCCOC(=O)\C=C\C(=O)C1=CC=CC=C1,CCCCCCCCCCOC(=O)CC(SCc1ccc(C(C)(C)C)cc1)C(=O)c1ccccc1,CC(C)(C)C1=CC=C(CS)C=C1.CCCCCCCCCCOC(=O)\C=C\C(=O)C1=CC=CC=C1>>CCCCCCCCCCOC(=O)CC(SCc1ccc(C(C)(C)C)cc1)C(=O)c1ccccc1,0,0.0
161,70,161,CC(C)(C)C1=CC=C(CS)C=C1.CCCCCCCCCCOC(=O)\C=C\C(=O)C1=CC=CC=C1,CCCCCCCCCCOC(=O)C(CC(=O)c1ccccc1)SCc1ccc(C(C)(C)C)cc1,CC(C)(C)C1=CC=C(CS)C=C1.CCCCCCCCCCOC(=O)\C=C\C(=O)C1=CC=CC=C1>>CCCCCCCCCCOC(=O)C(CC(=O)c1ccccc1)SCc1ccc(C(C)(C)C)cc1,1,0.0
162,71,162,CC(C)(C)C1=CC=C(CS)C=C1.CC(C)OC(=O)\C=C\C(=O)C1=CC=CC=C1,CC(C)OC(=O)C(CC(=O)c1ccccc1)SCc1ccc(C(C)(C)C)cc1,CC(C)(C)C1=CC=C(CS)C=C1.CC(C)OC(=O)\C=C\C(=O)C1=CC=CC=C1>>CC(C)OC(=O)C(CC(=O)c1ccccc1)SCc1ccc(C(C)(C)C)cc1,1,0.0
163,71,163,CC(C)(C)C1=CC=C(CS)C=C1.CC(C)OC(=O)\C=C\C(=O)C1=CC=CC=C1,CC(C)OC(=O)CC(SCc1ccc(C(C)(C)C)cc1)C(=O)c1ccccc1,CC(C)(C)C1=CC=C(CS)C=C1.CC(C)OC(=O)\C=C\C(=O)C1=CC=CC=C1>>CC(C)OC(=O)CC(SCc1ccc(C(C)(C)C)cc1)C(=O)c1ccccc1,0,0.0
164,72,164,CC(C)(C)C1=CC=C(CS)C=C1.CC(C)COC(=O)\C=C\C(=O)C1=CC=CC=C1,CC(C)COC(=O)CC(SCc1ccc(C(C)(C)C)cc1)C(=O)c1ccccc1,CC(C)(C)C1=CC=C(CS)C=C1.CC(C)COC(=O)\C=C\C(=O)C1=CC=CC=C1>>CC(C)COC(=O)CC(SCc1ccc(C(C)(C)C)cc1)C(=O)c1ccccc1,0,0.0
165,72,165,CC(C)(C)C1=CC=C(CS)C=C1.CC(C)COC(=O)\C=C\C(=O)C1=CC=CC=C1,CC(C)COC(=O)C(CC(=O)c1ccccc1)SCc1ccc(C(C)(C)C)cc1,CC(C)(C)C1=CC=C(CS)C=C1.CC(C)COC(=O)\C=C\C(=O)C1=CC=CC=C1>>CC(C)COC(=O)C(CC(=O)c1ccccc1)SCc1ccc(C(C)(C)C)cc1,1,0.0
166,73,166,CC(C)(C)C1=CC=C(CS)C=C1.O=C(OCC1=CC=C(C=C1)N(=O)=O)\C=C\C(=O)C1=CC=CC=C1,CC(C)(C)c1ccc(CSC(CC(=O)c2ccccc2)C(=O)OCc2ccc([N+](=O)[O-])cc2)cc1,CC(C)(C)C1=CC=C(CS)C=C1.O=C(OCC1=CC=C(C=C1)N(=O)=O)\C=C\C(=O)C1=CC=CC=C1>>CC(C)(C)c1ccc(CSC(CC(=O)c2ccccc2)C(=O)OCc2ccc([N+](=O)[O-])cc2)cc1,1,0.0
167,73,167,CC(C)(C)C1=CC=C(CS)C=C1.O=C(OCC1=CC=C(C=C1)N(=O)=O)\C=C\C(=O)C1=CC=CC=C1,CC(C)(C)c1ccc(CSC(CC(=O)OCc2ccc([N+](=O)[O-])cc2)C(=O)c2ccccc2)cc1,CC(C)(C)C1=CC=C(CS)C=C1.O=C(OCC1=CC=C(C=C1)N(=O)=O)\C=C\C(=O)C1=CC=CC=C1>>CC(C)(C)c1ccc(CSC(CC(=O)OCc2ccc([N+](=O)[O-])cc2)C(=O)c2ccccc2)cc1,0,0.0
168,74,168,OC(=O)\C=C\C(=O)C1=CC=CC=C1.OC(=O)CS,O=C(O)CSC(CC(=O)O)C(=O)c1ccccc1,OC(=O)\C=C\C(=O)C1=CC=CC=C1.OC(=O)CS>>O=C(O)CSC(CC(=O)O)C(=O)c1ccccc1,0,0.0
169,74,169,OC(=O)\C=C\C(=O)C1=CC=CC=C1.OC(=O)CS,O=C(O)CSC(CC(=O)c1ccccc1)C(=O)O,OC(=O)\C=C\C(=O)C1=CC=CC=C1.OC(=O)CS>>O=C(O)CSC(CC(=O)c1ccccc1)C(=O)O,1,0.0
170,75,170,[H][C@](N)(CCC(=O)N[C@@]([H])(CS)C(=O)NCC(O)=O)C(O)=O.CCCCC[C@H](O)\C=C\[C@H]1C=CC(=O)\C1=C\CCCCCC(=O)OC,CCCCCC(O)C=CC1C=CC(=O)C1C(CCCCCC(=O)OC)SCC(NC(=O)CCC(N)C(=O)O)C(=O)NCC(=O)O,[H][C@](N)(CCC(=O)N[C@@]([H])(CS)C(=O)NCC(O)=O)C(O)=O.CCCCC[C@H](O)\C=C\[C@H]1C=CC(=O)\C1=C\CCCCCC(=O)OC>>CCCCCC(O)C=CC1C=CC(=O)C1C(CCCCCC(=O)OC)SCC(NC(=O)CCC(N)C(=O)O)C(=O)NCC(=O)O,0,0.0
171,75,171,[H][C@](N)(CCC(=O)N[C@@]([H])(CS)C(=O)NCC(O)=O)C(O)=O.CCCCC[C@H](O)\C=C\[C@H]1C=CC(=O)\C1=C\CCCCCC(=O)OC,CCCCCC(O)C=CC1C(=CCCCCCC(=O)OC)C(=O)CC1SCC(NC(=O)CCC(N)C(=O)O)C(=O)NCC(=O)O,[H][C@](N)(CCC(=O)N[C@@]([H])(CS)C(=O)NCC(O)=O)C(O)=O.CCCCC[C@H](O)\C=C\[C@H]1C=CC(=O)\C1=C\CCCCCC(=O)OC>>CCCCCC(O)C=CC1C(=CCCCCCC(=O)OC)C(=O)CC1SCC(NC(=O)CCC(N)C(=O)O)C(=O)NCC(=O)O,1,0.0
172,76,172,CCOC(=O)\C=C\C(=O)C(=O)OCC.CC(C)(C)C1=CC=C(CS)C=C1,CCOC(=O)CC(SCc1ccc(C(C)(C)C)cc1)C(=O)C(=O)OCC,CCOC(=O)\C=C\C(=O)C(=O)OCC.CC(C)(C)C1=CC=C(CS)C=C1>>CCOC(=O)CC(SCc1ccc(C(C)(C)C)cc1)C(=O)C(=O)OCC,0,0.0
173,76,173,CCOC(=O)\C=C\C(=O)C(=O)OCC.CC(C)(C)C1=CC=C(CS)C=C1,CCOC(=O)C(=O)CC(SCc1ccc(C(C)(C)C)cc1)C(=O)OCC,CCOC(=O)\C=C\C(=O)C(=O)OCC.CC(C)(C)C1=CC=C(CS)C=C1>>CCOC(=O)C(=O)CC(SCc1ccc(C(C)(C)C)cc1)C(=O)OCC,1,0.0
174,77,174,SC1=CC=CC=C1.CCOC(=O)\C=C\C(=O)NCC1=CC=CC=C1,CCOC(=O)C(CC(=O)NCc1ccccc1)Sc1ccccc1,SC1=CC=CC=C1.CCOC(=O)\C=C\C(=O)NCC1=CC=CC=C1>>CCOC(=O)C(CC(=O)NCc1ccccc1)Sc1ccccc1,0,0.0
175,77,175,SC1=CC=CC=C1.CCOC(=O)\C=C\C(=O)NCC1=CC=CC=C1,CCOC(=O)CC(Sc1ccccc1)C(=O)NCc1ccccc1,SC1=CC=CC=C1.CCOC(=O)\C=C\C(=O)NCC1=CC=CC=C1>>CCOC(=O)CC(Sc1ccccc1)C(=O)NCc1ccccc1,1,0.0
176,78,176,OC(=O)\C=C\C(=O)C1=CC=C(Cl)C=C1.OC(=O)CS,O=C(O)CSC(CC(=O)c1ccc(Cl)cc1)C(=O)O,OC(=O)\C=C\C(=O)C1=CC=C(Cl)C=C1.OC(=O)CS>>O=C(O)CSC(CC(=O)c1ccc(Cl)cc1)C(=O)O,1,0.0
177,78,177,OC(=O)\C=C\C(=O)C1=CC=C(Cl)C=C1.OC(=O)CS,O=C(O)CSC(CC(=O)O)C(=O)c1ccc(Cl)cc1,OC(=O)\C=C\C(=O)C1=CC=C(Cl)C=C1.OC(=O)CS>>O=C(O)CSC(CC(=O)O)C(=O)c1ccc(Cl)cc1,0,0.0
178,79,178,OC(=O)\C=C\C(=O)C1=CC=C(F)C=C1.OC(=O)CS,O=C(O)CSC(CC(=O)c1ccc(F)cc1)C(=O)O,OC(=O)\C=C\C(=O)C1=CC=C(F)C=C1.OC(=O)CS>>O=C(O)CSC(CC(=O)c1ccc(F)cc1)C(=O)O,1,0.0
179,79,179,OC(=O)\C=C\C(=O)C1=CC=C(F)C=C1.OC(=O)CS,O=C(O)CSC(CC(=O)O)C(=O)c1ccc(F)cc1,OC(=O)\C=C\C(=O)C1=CC=C(F)C=C1.OC(=O)CS>>O=C(O)CSC(CC(=O)O)C(=O)c1ccc(F)cc1,0,0.0
180,80,180,CCC1=CC=C(C=C1)C(=O)\C=C\C(O)=O.OC(=O)CS,CCc1ccc(C(=O)CC(SCC(=O)O)C(=O)O)cc1,CCC1=CC=C(C=C1)C(=O)\C=C\C(O)=O.OC(=O)CS>>CCc1ccc(C(=O)CC(SCC(=O)O)C(=O)O)cc1,1,0.0
181,80,181,CCC1=CC=C(C=C1)C(=O)\C=C\C(O)=O.OC(=O)CS,CCc1ccc(C(=O)C(CC(=O)O)SCC(=O)O)cc1,CCC1=CC=C(C=C1)C(=O)\C=C\C(O)=O.OC(=O)CS>>CCc1ccc(C(=O)C(CC(=O)O)SCC(=O)O)cc1,0,0.0
182,81,182,CC1=CC=C(C)C(=C1)C(=O)\C=C\C(O)=O.OC(=O)CS,Cc1ccc(C)c(C(=O)CC(SCC(=O)O)C(=O)O)c1,CC1=CC=C(C)C(=C1)C(=O)\C=C\C(O)=O.OC(=O)CS>>Cc1ccc(C)c(C(=O)CC(SCC(=O)O)C(=O)O)c1,1,0.0
183,81,183,CC1=CC=C(C)C(=C1)C(=O)\C=C\C(O)=O.OC(=O)CS,Cc1ccc(C)c(C(=O)C(CC(=O)O)SCC(=O)O)c1,CC1=CC=C(C)C(=C1)C(=O)\C=C\C(O)=O.OC(=O)CS>>Cc1ccc(C)c(C(=O)C(CC(=O)O)SCC(=O)O)c1,0,0.0
184,82,184,CC1=CC=C(C(=O)\C=C\C(O)=O)C(Cl)=C1.OC(=O)CS,Cc1ccc(C(=O)C(CC(=O)O)SCC(=O)O)c(Cl)c1,CC1=CC=C(C(=O)\C=C\C(O)=O)C(Cl)=C1.OC(=O)CS>>Cc1ccc(C(=O)C(CC(=O)O)SCC(=O)O)c(Cl)c1,0,0.0
185,82,185,CC1=CC=C(C(=O)\C=C\C(O)=O)C(Cl)=C1.OC(=O)CS,Cc1ccc(C(=O)CC(SCC(=O)O)C(=O)O)c(Cl)c1,CC1=CC=C(C(=O)\C=C\C(O)=O)C(Cl)=C1.OC(=O)CS>>Cc1ccc(C(=O)CC(SCC(=O)O)C(=O)O)c(Cl)c1,1,0.0
186,83,186,CC1=CC=C(C=C1)C(=O)\C=C\C(O)=O.OC(=O)CS,Cc1ccc(C(=O)CC(SCC(=O)O)C(=O)O)cc1,CC1=CC=C(C=C1)C(=O)\C=C\C(O)=O.OC(=O)CS>>Cc1ccc(C(=O)CC(SCC(=O)O)C(=O)O)cc1,1,0.0
187,83,187,CC1=CC=C(C=C1)C(=O)\C=C\C(O)=O.OC(=O)CS,Cc1ccc(C(=O)C(CC(=O)O)SCC(=O)O)cc1,CC1=CC=C(C=C1)C(=O)\C=C\C(O)=O.OC(=O)CS>>Cc1ccc(C(=O)C(CC(=O)O)SCC(=O)O)cc1,0,0.0
188,84,188,CC(C)C1=CC=C(C=C1)C(=O)\C=C\C(O)=O.OC(=O)CS,CC(C)c1ccc(C(=O)C(CC(=O)O)SCC(=O)O)cc1,CC(C)C1=CC=C(C=C1)C(=O)\C=C\C(O)=O.OC(=O)CS>>CC(C)c1ccc(C(=O)C(CC(=O)O)SCC(=O)O)cc1,0,0.0
189,84,189,CC(C)C1=CC=C(C=C1)C(=O)\C=C\C(O)=O.OC(=O)CS,CC(C)c1ccc(C(=O)CC(SCC(=O)O)C(=O)O)cc1,CC(C)C1=CC=C(C=C1)C(=O)\C=C\C(O)=O.OC(=O)CS>>CC(C)c1ccc(C(=O)CC(SCC(=O)O)C(=O)O)cc1,1,0.0
190,85,190,CC(C)(C)C1=CC=C(C=C1)C(=O)\C=C\C(O)=O.OC(=O)CS,CC(C)(C)c1ccc(C(=O)C(CC(=O)O)SCC(=O)O)cc1,CC(C)(C)C1=CC=C(C=C1)C(=O)\C=C\C(O)=O.OC(=O)CS>>CC(C)(C)c1ccc(C(=O)C(CC(=O)O)SCC(=O)O)cc1,0,0.0
191,85,191,CC(C)(C)C1=CC=C(C=C1)C(=O)\C=C\C(O)=O.OC(=O)CS,CC(C)(C)c1ccc(C(=O)CC(SCC(=O)O)C(=O)O)cc1,CC(C)(C)C1=CC=C(C=C1)C(=O)\C=C\C(O)=O.OC(=O)CS>>CC(C)(C)c1ccc(C(=O)CC(SCC(=O)O)C(=O)O)cc1,1,0.0
192,86,192,CC1=CC=C(C(=O)\C=C\C(O)=O)C(C)=C1.OC(=O)CS,Cc1ccc(C(=O)C(CC(=O)O)SCC(=O)O)c(C)c1,CC1=CC=C(C(=O)\C=C\C(O)=O)C(C)=C1.OC(=O)CS>>Cc1ccc(C(=O)C(CC(=O)O)SCC(=O)O)c(C)c1,0,0.0
193,86,193,CC1=CC=C(C(=O)\C=C\C(O)=O)C(C)=C1.OC(=O)CS,Cc1ccc(C(=O)CC(SCC(=O)O)C(=O)O)c(C)c1,CC1=CC=C(C(=O)\C=C\C(O)=O)C(C)=C1.OC(=O)CS>>Cc1ccc(C(=O)CC(SCC(=O)O)C(=O)O)c(C)c1,1,0.0
194,87,194,CCCCC1=CC=C(C=C1)C(=O)\C=C\C(O)=O.OC(=O)CS,CCCCc1ccc(C(=O)C(CC(=O)O)SCC(=O)O)cc1,CCCCC1=CC=C(C=C1)C(=O)\C=C\C(O)=O.OC(=O)CS>>CCCCc1ccc(C(=O)C(CC(=O)O)SCC(=O)O)cc1,0,0.0
195,87,195,CCCCC1=CC=C(C=C1)C(=O)\C=C\C(O)=O.OC(=O)CS,CCCCc1ccc(C(=O)CC(SCC(=O)O)C(=O)O)cc1,CCCCC1=CC=C(C=C1)C(=O)\C=C\C(O)=O.OC(=O)CS>>CCCCc1ccc(C(=O)CC(SCC(=O)O)C(=O)O)cc1,1,0.0
196,88,196,OC(=O)CS.COC1=CC=C(C(=O)\C=C\C(O)=O)C(OC)=C1OC,COc1ccc(C(=O)CC(SCC(=O)O)C(=O)O)c(OC)c1OC,OC(=O)CS.COC1=CC=C(C(=O)\C=C\C(O)=O)C(OC)=C1OC>>COc1ccc(C(=O)CC(SCC(=O)O)C(=O)O)c(OC)c1OC,1,0.0
197,88,197,OC(=O)CS.COC1=CC=C(C(=O)\C=C\C(O)=O)C(OC)=C1OC,COc1ccc(C(=O)C(CC(=O)O)SCC(=O)O)c(OC)c1OC,OC(=O)CS.COC1=CC=C(C(=O)\C=C\C(O)=O)C(OC)=C1OC>>COc1ccc(C(=O)C(CC(=O)O)SCC(=O)O)c(OC)c1OC,0,0.0
198,89,198,OC(=O)CS.CC1=CC=C(C=C1C)C(=O)\C=C\C(O)=O,Cc1ccc(C(=O)CC(SCC(=O)O)C(=O)O)cc1C,OC(=O)CS.CC1=CC=C(C=C1C)C(=O)\C=C\C(O)=O>>Cc1ccc(C(=O)CC(SCC(=O)O)C(=O)O)cc1C,1,0.0
199,89,199,OC(=O)CS.CC1=CC=C(C=C1C)C(=O)\C=C\C(O)=O,Cc1ccc(C(=O)C(CC(=O)O)SCC(=O)O)cc1C,OC(=O)CS.CC1=CC=C(C=C1C)C(=O)\C=C\C(O)=O>>Cc1ccc(C(=O)C(CC(=O)O)SCC(=O)O)cc1C,0,0.0
200,90,200,CC(C)C1=CC=C(C(C)C)C(=C1)C(=O)\C=C\C(O)=O.OC(=O)CS,CC(C)c1ccc(C(C)C)c(C(=O)CC(SCC(=O)O)C(=O)O)c1,CC(C)C1=CC=C(C(C)C)C(=C1)C(=O)\C=C\C(O)=O.OC(=O)CS>>CC(C)c1ccc(C(C)C)c(C(=O)CC(SCC(=O)O)C(=O)O)c1,1,0.0
201,90,201,CC(C)C1=CC=C(C(C)C)C(=C1)C(=O)\C=C\C(O)=O.OC(=O)CS,CC(C)c1ccc(C(C)C)c(C(=O)C(CC(=O)O)SCC(=O)O)c1,CC(C)C1=CC=C(C(C)C)C(=C1)C(=O)\C=C\C(O)=O.OC(=O)CS>>CC(C)c1ccc(C(C)C)c(C(=O)C(CC(=O)O)SCC(=O)O)c1,0,0.0
202,92,202,[H][C@](N)(CS)C(O)=O.CCCCC[C@H](O)\C=C\[C@H]1C=CC(=O)\C1=C\CCCCCC(=O)OC,CCCCCC(O)C=CC1C=CC(=O)C1C(CCCCCC(=O)OC)SCC(N)C(=O)O,[H][C@](N)(CS)C(O)=O.CCCCC[C@H](O)\C=C\[C@H]1C=CC(=O)\C1=C\CCCCCC(=O)OC>>CCCCCC(O)C=CC1C=CC(=O)C1C(CCCCCC(=O)OC)SCC(N)C(=O)O,0,0.0
203,92,203,[H][C@](N)(CS)C(O)=O.CCCCC[C@H](O)\C=C\[C@H]1C=CC(=O)\C1=C\CCCCCC(=O)OC,CCCCCC(O)C=CC1C(=CCCCCCC(=O)OC)C(=O)CC1SCC(N)C(=O)O,[H][C@](N)(CS)C(O)=O.CCCCC[C@H](O)\C=C\[C@H]1C=CC(=O)\C1=C\CCCCCC(=O)OC>>CCCCCC(O)C=CC1C(=CCCCCCC(=O)OC)C(=O)CC1SCC(N)C(=O)O,1,0.0
204,93,204,CC(C)C1=CC(C(C)C)=C(C(=O)\C=C\C(O)=O)C(=C1)C(C)C.OC(=O)CS,CC(C)c1cc(C(C)C)c(C(=O)C(CC(=O)O)SCC(=O)O)c(C(C)C)c1,CC(C)C1=CC(C(C)C)=C(C(=O)\C=C\C(O)=O)C(=C1)C(C)C.OC(=O)CS>>CC(C)c1cc(C(C)C)c(C(=O)C(CC(=O)O)SCC(=O)O)c(C(C)C)c1,0,0.0
205,93,205,CC(C)C1=CC(C(C)C)=C(C(=O)\C=C\C(O)=O)C(=C1)C(C)C.OC(=O)CS,CC(C)c1cc(C(C)C)c(C(=O)CC(SCC(=O)O)C(=O)O)c(C(C)C)c1,CC(C)C1=CC(C(C)C)=C(C(=O)\C=C\C(O)=O)C(=C1)C(C)C.OC(=O)CS>>CC(C)c1cc(C(C)C)c(C(=O)CC(SCC(=O)O)C(=O)O)c(C(C)C)c1,1,0.0
206,98,206,CCOC(=O)C=CC(=O)C1=CC=CC=C1.SC1=CC=CC=C1,CCOC(=O)C(CC(=O)c1ccccc1)Sc1ccccc1,CCOC(=O)C=CC(=O)C1=CC=CC=C1.SC1=CC=CC=C1>>CCOC(=O)C(CC(=O)c1ccccc1)Sc1ccccc1,1,0.0
207,98,207,CCOC(=O)C=CC(=O)C1=CC=CC=C1.SC1=CC=CC=C1,CCOC(=O)CC(Sc1ccccc1)C(=O)c1ccccc1,CCOC(=O)C=CC(=O)C1=CC=CC=C1.SC1=CC=CC=C1>>CCOC(=O)CC(Sc1ccccc1)C(=O)c1ccccc1,0,0.0
208,99,208,ClC1=CC=C(C=C1)C(=O)C=CC(=O)OCC1=CC=CC=C1.SC1=CC=CC=C1,O=C(CC(Sc1ccccc1)C(=O)OCc1ccccc1)c1ccc(Cl)cc1,ClC1=CC=C(C=C1)C(=O)C=CC(=O)OCC1=CC=CC=C1.SC1=CC=CC=C1>>O=C(CC(Sc1ccccc1)C(=O)OCc1ccccc1)c1ccc(Cl)cc1,1,0.0
209,99,209,ClC1=CC=C(C=C1)C(=O)C=CC(=O)OCC1=CC=CC=C1.SC1=CC=CC=C1,O=C(CC(Sc1ccccc1)C(=O)c1ccc(Cl)cc1)OCc1ccccc1,ClC1=CC=C(C=C1)C(=O)C=CC(=O)OCC1=CC=CC=C1.SC1=CC=CC=C1>>O=C(CC(Sc1ccccc1)C(=O)c1ccc(Cl)cc1)OCc1ccccc1,0,0.0
210,100,210,CCOC(=O)C=CC(=O)C1=CC=C(C)C(C)=C1.SC1=CC=CC=C1,CCOC(=O)C(CC(=O)c1ccc(C)c(C)c1)Sc1ccccc1,CCOC(=O)C=CC(=O)C1=CC=C(C)C(C)=C1.SC1=CC=CC=C1>>CCOC(=O)C(CC(=O)c1ccc(C)c(C)c1)Sc1ccccc1,1,0.0
211,100,211,CCOC(=O)C=CC(=O)C1=CC=C(C)C(C)=C1.SC1=CC=CC=C1,CCOC(=O)CC(Sc1ccccc1)C(=O)c1ccc(C)c(C)c1,CCOC(=O)C=CC(=O)C1=CC=C(C)C(C)=C1.SC1=CC=CC=C1>>CCOC(=O)CC(Sc1ccccc1)C(=O)c1ccc(C)c(C)c1,0,0.0
212,101,212,CCOC(=O)C=CC(=O)C1=CC=C(Cl)C=C1.SC1=CC=CC=C1,CCOC(=O)CC(Sc1ccccc1)C(=O)c1ccc(Cl)cc1,CCOC(=O)C=CC(=O)C1=CC=C(Cl)C=C1.SC1=CC=CC=C1>>CCOC(=O)CC(Sc1ccccc1)C(=O)c1ccc(Cl)cc1,0,0.0
213,101,213,CCOC(=O)C=CC(=O)C1=CC=C(Cl)C=C1.SC1=CC=CC=C1,CCOC(=O)C(CC(=O)c1ccc(Cl)cc1)Sc1ccccc1,CCOC(=O)C=CC(=O)C1=CC=C(Cl)C=C1.SC1=CC=CC=C1>>CCOC(=O)C(CC(=O)c1ccc(Cl)cc1)Sc1ccccc1,1,0.0
214,102,214,CCOC(=O)C=CC(=O)C1=CC2=C(C=CC=C2)C=C1.SC1=CC=CC=C1,CCOC(=O)C(CC(=O)c1ccc2ccccc2c1)Sc1ccccc1,CCOC(=O)C=CC(=O)C1=CC2=C(C=CC=C2)C=C1.SC1=CC=CC=C1>>CCOC(=O)C(CC(=O)c1ccc2ccccc2c1)Sc1ccccc1,1,0.0
215,102,215,CCOC(=O)C=CC(=O)C1=CC2=C(C=CC=C2)C=C1.SC1=CC=CC=C1,CCOC(=O)CC(Sc1ccccc1)C(=O)c1ccc2ccccc2c1,CCOC(=O)C=CC(=O)C1=CC2=C(C=CC=C2)C=C1.SC1=CC=CC=C1>>CCOC(=O)CC(Sc1ccccc1)C(=O)c1ccc2ccccc2c1,0,0.0
216,103,216,COC1=CC=C(S)C=C1.CCOC(=O)C=CC(=O)C1=CC=CC=C1,CCOC(=O)C(CC(=O)c1ccccc1)Sc1ccc(OC)cc1,COC1=CC=C(S)C=C1.CCOC(=O)C=CC(=O)C1=CC=CC=C1>>CCOC(=O)C(CC(=O)c1ccccc1)Sc1ccc(OC)cc1,1,0.0
217,103,217,COC1=CC=C(S)C=C1.CCOC(=O)C=CC(=O)C1=CC=CC=C1,CCOC(=O)CC(Sc1ccc(OC)cc1)C(=O)c1ccccc1,COC1=CC=C(S)C=C1.CCOC(=O)C=CC(=O)C1=CC=CC=C1>>CCOC(=O)CC(Sc1ccc(OC)cc1)C(=O)c1ccccc1,0,0.0
218,104,218,SC1=CC=CC=C1.CCOC(=O)\C=C\C(=O)N1CCCC1,CCOC(=O)CC(Sc1ccccc1)C(=O)N1CCCC1,SC1=CC=CC=C1.CCOC(=O)\C=C\C(=O)N1CCCC1>>CCOC(=O)CC(Sc1ccccc1)C(=O)N1CCCC1,0,0.0
219,104,219,SC1=CC=CC=C1.CCOC(=O)\C=C\C(=O)N1CCCC1,CCOC(=O)C(CC(=O)N1CCCC1)Sc1ccccc1,SC1=CC=CC=C1.CCOC(=O)\C=C\C(=O)N1CCCC1>>CCOC(=O)C(CC(=O)N1CCCC1)Sc1ccccc1,1,0.0
220,105,220,SC1=CC=CC=C1.CCOC(=O)\C=C\C(=O)N(CC1=CC=CC=C1)CC1=CC=CC=C1,CCOC(=O)C(CC(=O)N(Cc1ccccc1)Cc1ccccc1)Sc1ccccc1,SC1=CC=CC=C1.CCOC(=O)\C=C\C(=O)N(CC1=CC=CC=C1)CC1=CC=CC=C1>>CCOC(=O)C(CC(=O)N(Cc1ccccc1)Cc1ccccc1)Sc1ccccc1,1,0.0
221,105,221,SC1=CC=CC=C1.CCOC(=O)\C=C\C(=O)N(CC1=CC=CC=C1)CC1=CC=CC=C1,CCOC(=O)CC(Sc1ccccc1)C(=O)N(Cc1ccccc1)Cc1ccccc1,SC1=CC=CC=C1.CCOC(=O)\C=C\C(=O)N(CC1=CC=CC=C1)CC1=CC=CC=C1>>CCOC(=O)CC(Sc1ccccc1)C(=O)N(Cc1ccccc1)Cc1ccccc1,0,0.0
222,107,222,CC(C)C1=CC=C(C(=O)\C=C\C(O)=O)C(=C1)C(C)C.OC(=O)CS,CC(C)c1ccc(C(=O)C(CC(=O)O)SCC(=O)O)c(C(C)C)c1,CC(C)C1=CC=C(C(=O)\C=C\C(O)=O)C(=C1)C(C)C.OC(=O)CS>>CC(C)c1ccc(C(=O)C(CC(=O)O)SCC(=O)O)c(C(C)C)c1,0,0.0
223,107,223,CC(C)C1=CC=C(C(=O)\C=C\C(O)=O)C(=C1)C(C)C.OC(=O)CS,CC(C)c1ccc(C(=O)CC(SCC(=O)O)C(=O)O)c(C(C)C)c1,CC(C)C1=CC=C(C(=O)\C=C\C(O)=O)C(=C1)C(C)C.OC(=O)CS>>CC(C)c1ccc(C(=O)CC(SCC(=O)O)C(=O)O)c(C(C)C)c1,1,0.0
224,108,224,CCCCCCCCCCCCC1=CC=C(C=C1)C(=O)\C=C\C(O)=O.OC(=O)CS,CCCCCCCCCCCCc1ccc(C(=O)C(CC(=O)O)SCC(=O)O)cc1,CCCCCCCCCCCCC1=CC=C(C=C1)C(=O)\C=C\C(O)=O.OC(=O)CS>>CCCCCCCCCCCCc1ccc(C(=O)C(CC(=O)O)SCC(=O)O)cc1,0,0.0
225,108,225,CCCCCCCCCCCCC1=CC=C(C=C1)C(=O)\C=C\C(O)=O.OC(=O)CS,CCCCCCCCCCCCc1ccc(C(=O)CC(SCC(=O)O)C(=O)O)cc1,CCCCCCCCCCCCC1=CC=C(C=C1)C(=O)\C=C\C(O)=O.OC(=O)CS>>CCCCCCCCCCCCc1ccc(C(=O)CC(SCC(=O)O)C(=O)O)cc1,1,0.0
226,109,226,CCC1=CC(CC)=C(C(=O)\C=C\C(O)=O)C(CC)=C1.OC(=O)CS,CCc1cc(CC)c(C(=O)C(CC(=O)O)SCC(=O)O)c(CC)c1,CCC1=CC(CC)=C(C(=O)\C=C\C(O)=O)C(CC)=C1.OC(=O)CS>>CCc1cc(CC)c(C(=O)C(CC(=O)O)SCC(=O)O)c(CC)c1,0,0.0
227,109,227,CCC1=CC(CC)=C(C(=O)\C=C\C(O)=O)C(CC)=C1.OC(=O)CS,CCc1cc(CC)c(C(=O)CC(SCC(=O)O)C(=O)O)c(CC)c1,CCC1=CC(CC)=C(C(=O)\C=C\C(O)=O)C(CC)=C1.OC(=O)CS>>CCc1cc(CC)c(C(=O)CC(SCC(=O)O)C(=O)O)c(CC)c1,1,0.0
228,112,228,OC(=O)\C=C\C(=O)C1=CC=CC=C1N(=O)=O.CC(S)=O,CC(=O)SC(CC(=O)O)C(=O)c1ccccc1[N+](=O)[O-],OC(=O)\C=C\C(=O)C1=CC=CC=C1N(=O)=O.CC(S)=O>>CC(=O)SC(CC(=O)O)C(=O)c1ccccc1[N+](=O)[O-],0,0.0
229,112,229,OC(=O)\C=C\C(=O)C1=CC=CC=C1N(=O)=O.CC(S)=O,CC(=O)SC(CC(=O)c1ccccc1[N+](=O)[O-])C(=O)O,OC(=O)\C=C\C(=O)C1=CC=CC=C1N(=O)=O.CC(S)=O>>CC(=O)SC(CC(=O)c1ccccc1[N+](=O)[O-])C(=O)O,1,0.0
230,113,230,CCOC(=O)C=CC(=O)C1=CC=CO1.SC1=CC=CC=C1,CCOC(=O)C(CC(=O)c1ccco1)Sc1ccccc1,CCOC(=O)C=CC(=O)C1=CC=CO1.SC1=CC=CC=C1>>CCOC(=O)C(CC(=O)c1ccco1)Sc1ccccc1,1,0.0
231,113,231,CCOC(=O)C=CC(=O)C1=CC=CO1.SC1=CC=CC=C1,CCOC(=O)CC(Sc1ccccc1)C(=O)c1ccco1,CCOC(=O)C=CC(=O)C1=CC=CO1.SC1=CC=CC=C1>>CCOC(=O)CC(Sc1ccccc1)C(=O)c1ccco1,0,0.0
232,114,232,CC(C)(C)C1=CC=C(C(=C1)C(=O)\C=C\C(O)=O)C(C)(C)C.OC(=O)CS,CC(C)(C)c1ccc(C(C)(C)C)c(C(=O)C(CC(=O)O)SCC(=O)O)c1,CC(C)(C)C1=CC=C(C(=C1)C(=O)\C=C\C(O)=O)C(C)(C)C.OC(=O)CS>>CC(C)(C)c1ccc(C(C)(C)C)c(C(=O)C(CC(=O)O)SCC(=O)O)c1,0,0.0
233,114,233,CC(C)(C)C1=CC=C(C(=C1)C(=O)\C=C\C(O)=O)C(C)(C)C.OC(=O)CS,CC(C)(C)c1ccc(C(C)(C)C)c(C(=O)CC(SCC(=O)O)C(=O)O)c1,CC(C)(C)C1=CC=C(C(=C1)C(=O)\C=C\C(O)=O)C(C)(C)C.OC(=O)CS>>CC(C)(C)c1ccc(C(C)(C)C)c(C(=O)CC(SCC(=O)O)C(=O)O)c1,1,0.0
234,115,234,SC1=CC=CC=C1.CCOC(=O)\C=C\C(=O)N(CC=C)CC=C,C=CCN(CC=C)C(=O)CC(Sc1ccccc1)C(=O)OCC,SC1=CC=CC=C1.CCOC(=O)\C=C\C(=O)N(CC=C)CC=C>>C=CCN(CC=C)C(=O)CC(Sc1ccccc1)C(=O)OCC,1,0.0
235,115,235,SC1=CC=CC=C1.CCOC(=O)\C=C\C(=O)N(CC=C)CC=C,C=CCN(CC=C)C(=O)C(CC(=O)OCC)Sc1ccccc1,SC1=CC=CC=C1.CCOC(=O)\C=C\C(=O)N(CC=C)CC=C>>C=CCN(CC=C)C(=O)C(CC(=O)OCC)Sc1ccccc1,0,0.0
236,116,236,[H][C@@]12CC(=O)[C@]3(CC[C@]4(O)CC[C@@]5([H])C(=C)C(=O)O[C@]5([H])[C@@]5([H])C(=C)C(=O)C3=C45)[C@]1([H])[C@@]1([H])OC(=O)C(=C)[C@]1([H])CCC2=C.SC1=CC=C(C=C1)N(=O)=O,C=C1C(=O)OC2C1CCC(=C)C1CC(=O)C3(CCC4(O)CCC5C(CSc6ccc([N+](=O)[O-])cc6)C(=O)OC5C5C(=C)C(=O)C3=C54)C12,[H][C@@]12CC(=O)[C@]3(CC[C@]4(O)CC[C@@]5([H])C(=C)C(=O)O[C@]5([H])[C@@]5([H])C(=C)C(=O)C3=C45)[C@]1([H])[C@@]1([H])OC(=O)C(=C)[C@]1([H])CCC2=C.SC1=CC=C(C=C1)N(=O)=O>>C=C1C(=O)OC2C1CCC(=C)C1CC(=O)C3(CCC4(O)CCC5C(CSc6ccc([N+](=O)[O-])cc6)C(=O)OC5C5C(=C)C(=O)C3=C54)C12,0,0.0
237,116,237,[H][C@@]12CC(=O)[C@]3(CC[C@]4(O)CC[C@@]5([H])C(=C)C(=O)O[C@]5([H])[C@@]5([H])C(=C)C(=O)C3=C45)[C@]1([H])[C@@]1([H])OC(=O)C(=C)[C@]1([H])CCC2=C.SC1=CC=C(C=C1)N(=O)=O,C=C1C(=O)OC2C1CCC1(O)CCC3(C(=O)CC4C(=C)CCC5C(=C)C(=O)OC5C43)C3=C1C2C(CSc1ccc([N+](=O)[O-])cc1)C3=O,[H][C@@]12CC(=O)[C@]3(CC[C@]4(O)CC[C@@]5([H])C(=C)C(=O)O[C@]5([H])[C@@]5([H])C(=C)C(=O)C3=C45)[C@]1([H])[C@@]1([H])OC(=O)C(=C)[C@]1([H])CCC2=C.SC1=CC=C(C=C1)N(=O)=O>>C=C1C(=O)OC2C1CCC1(O)CCC3(C(=O)CC4C(=C)CCC5C(=C)C(=O)OC5C43)C3=C1C2C(CSc1ccc([N+](=O)[O-])cc1)C3=O,1,0.0
238,116,238,[H][C@@]12CC(=O)[C@]3(CC[C@]4(O)CC[C@@]5([H])C(=C)C(=O)O[C@]5([H])[C@@]5([H])C(=C)C(=O)C3=C45)[C@]1([H])[C@@]1([H])OC(=O)C(=C)[C@]1([H])CCC2=C.SC1=CC=C(C=C1)N(=O)=O,C=C1C(=O)OC2C1CCC(=C)C1CC(=O)C3(CCC4(O)CCC5C(=C)C(=O)OC5C5C(=C)C(=O)C3C54Sc3ccc([N+](=O)[O-])cc3)C12,[H][C@@]12CC(=O)[C@]3(CC[C@]4(O)CC[C@@]5([H])C(=C)C(=O)O[C@]5([H])[C@@]5([H])C(=C)C(=O)C3=C45)[C@]1([H])[C@@]1([H])OC(=O)C(=C)[C@]1([H])CCC2=C.SC1=CC=C(C=C1)N(=O)=O>>C=C1C(=O)OC2C1CCC(=C)C1CC(=O)C3(CCC4(O)CCC5C(=C)C(=O)OC5C5C(=C)C(=O)C3C54Sc3ccc([N+](=O)[O-])cc3)C12,0,0.0
239,116,239,[H][C@@]12CC(=O)[C@]3(CC[C@]4(O)CC[C@@]5([H])C(=C)C(=O)O[C@]5([H])[C@@]5([H])C(=C)C(=O)C3=C45)[C@]1([H])[C@@]1([H])OC(=O)C(=C)[C@]1([H])CCC2=C.SC1=CC=C(C=C1)N(=O)=O,C=C1C(=O)OC2C1CCC1(O)CCC3(C(=O)CC4C(=C)CCC5C(CSc6ccc([N+](=O)[O-])cc6)C(=O)OC5C43)C3=C1C2C(=C)C3=O,[H][C@@]12CC(=O)[C@]3(CC[C@]4(O)CC[C@@]5([H])C(=C)C(=O)O[C@]5([H])[C@@]5([H])C(=C)C(=O)C3=C45)[C@]1([H])[C@@]1([H])OC(=O)C(=C)[C@]1([H])CCC2=C.SC1=CC=C(C=C1)N(=O)=O>>C=C1C(=O)OC2C1CCC1(O)CCC3(C(=O)CC4C(=C)CCC5C(CSc6ccc([N+](=O)[O-])cc6)C(=O)OC5C43)C3=C1C2C(=C)C3=O,0,0.0
240,117,240,O=C1C=CC(=O)N1NC1=CC=CC=C1.SC1=NN=C(SCC#C)S1,C#CCSc1nnc(SC2CC(=O)N(Nc3ccccc3)C2=O)s1,O=C1C=CC(=O)N1NC1=CC=CC=C1.SC1=NN=C(SCC#C)S1>>C#CCSc1nnc(SC2CC(=O)N(Nc3ccccc3)C2=O)s1,1,0.0
241,117,241,O=C1C=CC(=O)N1NC1=CC=CC=C1.SC1=NN=C(SCC#C)S1,C#CC[SH](c1nnc(S)s1)C1CC(=O)N(Nc2ccccc2)C1=O,O=C1C=CC(=O)N1NC1=CC=CC=C1.SC1=NN=C(SCC#C)S1>>C#CC[SH](c1nnc(S)s1)C1CC(=O)N(Nc2ccccc2)C1=O,0,0.0
242,118,242,BrC1=CC(NN2C(=O)C=CC2=O)=CC=C1.SC1=NN=C(SCC#C)S1,C#CC[SH](c1nnc(S)s1)C1CC(=O)N(Nc2cccc(Br)c2)C1=O,BrC1=CC(NN2C(=O)C=CC2=O)=CC=C1.SC1=NN=C(SCC#C)S1>>C#CC[SH](c1nnc(S)s1)C1CC(=O)N(Nc2cccc(Br)c2)C1=O,0,0.0
243,118,243,BrC1=CC(NN2C(=O)C=CC2=O)=CC=C1.SC1=NN=C(SCC#C)S1,C#CCSc1nnc(SC2CC(=O)N(Nc3cccc(Br)c3)C2=O)s1,BrC1=CC(NN2C(=O)C=CC2=O)=CC=C1.SC1=NN=C(SCC#C)S1>>C#CCSc1nnc(SC2CC(=O)N(Nc3cccc(Br)c3)C2=O)s1,1,0.0
244,119,244,SC1=NN=C(SCC#C)S1.O=C1C=CC(=O)N1NC1=CC=C(C=C1)C#N,C#CCSc1nnc(SC2CC(=O)N(Nc3ccc(C#N)cc3)C2=O)s1,SC1=NN=C(SCC#C)S1.O=C1C=CC(=O)N1NC1=CC=C(C=C1)C#N>>C#CCSc1nnc(SC2CC(=O)N(Nc3ccc(C#N)cc3)C2=O)s1,1,0.0
245,119,245,SC1=NN=C(SCC#C)S1.O=C1C=CC(=O)N1NC1=CC=C(C=C1)C#N,C#CC[SH](c1nnc(S)s1)C1CC(=O)N(Nc2ccc(C#N)cc2)C1=O,SC1=NN=C(SCC#C)S1.O=C1C=CC(=O)N1NC1=CC=C(C=C1)C#N>>C#CC[SH](c1nnc(S)s1)C1CC(=O)N(Nc2ccc(C#N)cc2)C1=O,0,0.0
246,120,246,SC1=NN=C(SCC#C)S1.FC1=C(Cl)C=C(NN2C(=O)C=CC2=O)C=C1,C#CC[SH](c1nnc(S)s1)C1CC(=O)N(Nc2ccc(F)c(Cl)c2)C1=O,SC1=NN=C(SCC#C)S1.FC1=C(Cl)C=C(NN2C(=O)C=CC2=O)C=C1>>C#CC[SH](c1nnc(S)s1)C1CC(=O)N(Nc2ccc(F)c(Cl)c2)C1=O,0,0.0
247,120,247,SC1=NN=C(SCC#C)S1.FC1=C(Cl)C=C(NN2C(=O)C=CC2=O)C=C1,C#CCSc1nnc(SC2CC(=O)N(Nc3ccc(F)c(Cl)c3)C2=O)s1,SC1=NN=C(SCC#C)S1.FC1=C(Cl)C=C(NN2C(=O)C=CC2=O)C=C1>>C#CCSc1nnc(SC2CC(=O)N(Nc3ccc(F)c(Cl)c3)C2=O)s1,1,0.0
248,121,248,SC1=NN=C(SCC#C)S1.FC1=CC(F)=C(NN2C(=O)C=CC2=O)C=C1,C#CCSc1nnc(SC2CC(=O)N(Nc3ccc(F)cc3F)C2=O)s1,SC1=NN=C(SCC#C)S1.FC1=CC(F)=C(NN2C(=O)C=CC2=O)C=C1>>C#CCSc1nnc(SC2CC(=O)N(Nc3ccc(F)cc3F)C2=O)s1,1,0.0
249,121,249,SC1=NN=C(SCC#C)S1.FC1=CC(F)=C(NN2C(=O)C=CC2=O)C=C1,C#CC[SH](c1nnc(S)s1)C1CC(=O)N(Nc2ccc(F)cc2F)C1=O,SC1=NN=C(SCC#C)S1.FC1=CC(F)=C(NN2C(=O)C=CC2=O)C=C1>>C#CC[SH](c1nnc(S)s1)C1CC(=O)N(Nc2ccc(F)cc2F)C1=O,0,0.0
250,122,250,SC1=NN=C(SCC#C)S1.NS(=O)(=O)C1=CC=C(NN2C(=O)C=CC2=O)C=C1,C#CCSc1nnc(SC2CC(=O)N(Nc3ccc(S(N)(=O)=O)cc3)C2=O)s1,SC1=NN=C(SCC#C)S1.NS(=O)(=O)C1=CC=C(NN2C(=O)C=CC2=O)C=C1>>C#CCSc1nnc(SC2CC(=O)N(Nc3ccc(S(N)(=O)=O)cc3)C2=O)s1,1,0.0
251,122,251,SC1=NN=C(SCC#C)S1.NS(=O)(=O)C1=CC=C(NN2C(=O)C=CC2=O)C=C1,C#CC[SH](c1nnc(S)s1)C1CC(=O)N(Nc2ccc(S(N)(=O)=O)cc2)C1=O,SC1=NN=C(SCC#C)S1.NS(=O)(=O)C1=CC=C(NN2C(=O)C=CC2=O)C=C1>>C#CC[SH](c1nnc(S)s1)C1CC(=O)N(Nc2ccc(S(N)(=O)=O)cc2)C1=O,0,0.0
252,123,252,SC1=NN=C(SCC#C)S1.FC(F)(F)C1=CC=CC(NN2C(=O)C=CC2=O)=C1,C#CC[SH](c1nnc(S)s1)C1CC(=O)N(Nc2cccc(C(F)(F)F)c2)C1=O,SC1=NN=C(SCC#C)S1.FC(F)(F)C1=CC=CC(NN2C(=O)C=CC2=O)=C1>>C#CC[SH](c1nnc(S)s1)C1CC(=O)N(Nc2cccc(C(F)(F)F)c2)C1=O,0,0.0
253,123,253,SC1=NN=C(SCC#C)S1.FC(F)(F)C1=CC=CC(NN2C(=O)C=CC2=O)=C1,C#CCSc1nnc(SC2CC(=O)N(Nc3cccc(C(F)(F)F)c3)C2=O)s1,SC1=NN=C(SCC#C)S1.FC(F)(F)C1=CC=CC(NN2C(=O)C=CC2=O)=C1>>C#CCSc1nnc(SC2CC(=O)N(Nc3cccc(C(F)(F)F)c3)C2=O)s1,1,0.0
254,124,254,SC1=NN=C(SCC#C)S1.ClC1=CC=C2C(NN3C(=O)C=CC3=O)=CC=NC2=C1,C#CCSc1nnc(SC2CC(=O)N(Nc3ccnc4cc(Cl)ccc34)C2=O)s1,SC1=NN=C(SCC#C)S1.ClC1=CC=C2C(NN3C(=O)C=CC3=O)=CC=NC2=C1>>C#CCSc1nnc(SC2CC(=O)N(Nc3ccnc4cc(Cl)ccc34)C2=O)s1,1,0.0
255,124,255,SC1=NN=C(SCC#C)S1.ClC1=CC=C2C(NN3C(=O)C=CC3=O)=CC=NC2=C1,C#CC[SH](c1nnc(S)s1)C1CC(=O)N(Nc2ccnc3cc(Cl)ccc23)C1=O,SC1=NN=C(SCC#C)S1.ClC1=CC=C2C(NN3C(=O)C=CC3=O)=CC=NC2=C1>>C#CC[SH](c1nnc(S)s1)C1CC(=O)N(Nc2ccnc3cc(Cl)ccc23)C1=O,0,0.0
256,125,256,SC1=NN=C(SCC#C)S1.FC(F)(F)C1=CC(Cl)=C(NN2C(=O)C=CC2=O)C=C1,C#CCSc1nnc(SC2CC(=O)N(Nc3ccc(C(F)(F)F)cc3Cl)C2=O)s1,SC1=NN=C(SCC#C)S1.FC(F)(F)C1=CC(Cl)=C(NN2C(=O)C=CC2=O)C=C1>>C#CCSc1nnc(SC2CC(=O)N(Nc3ccc(C(F)(F)F)cc3Cl)C2=O)s1,1,0.0
257,125,257,SC1=NN=C(SCC#C)S1.FC(F)(F)C1=CC(Cl)=C(NN2C(=O)C=CC2=O)C=C1,C#CC[SH](c1nnc(S)s1)C1CC(=O)N(Nc2ccc(C(F)(F)F)cc2Cl)C1=O,SC1=NN=C(SCC#C)S1.FC(F)(F)C1=CC(Cl)=C(NN2C(=O)C=CC2=O)C=C1>>C#CC[SH](c1nnc(S)s1)C1CC(=O)N(Nc2ccc(C(F)(F)F)cc2Cl)C1=O,0,0.0
258,126,258,SC1=NN=C(SCC#C)S1.CCS(=O)(=O)C1=CSC(C(=O)OC)=C1NN1C(=O)C=CC1=O,C#CCSc1nnc(SC2CC(=O)N(Nc3c(S(=O)(=O)CC)csc3C(=O)OC)C2=O)s1,SC1=NN=C(SCC#C)S1.CCS(=O)(=O)C1=CSC(C(=O)OC)=C1NN1C(=O)C=CC1=O>>C#CCSc1nnc(SC2CC(=O)N(Nc3c(S(=O)(=O)CC)csc3C(=O)OC)C2=O)s1,1,0.0
259,126,259,SC1=NN=C(SCC#C)S1.CCS(=O)(=O)C1=CSC(C(=O)OC)=C1NN1C(=O)C=CC1=O,C#CC[SH](c1nnc(S)s1)C1CC(=O)N(Nc2c(S(=O)(=O)CC)csc2C(=O)OC)C1=O,SC1=NN=C(SCC#C)S1.CCS(=O)(=O)C1=CSC(C(=O)OC)=C1NN1C(=O)C=CC1=O>>C#CC[SH](c1nnc(S)s1)C1CC(=O)N(Nc2c(S(=O)(=O)CC)csc2C(=O)OC)C1=O,0,0.0
260,132,260,CS.CCCCC[C@H](O)\C=C\[C@H]1C=CC(=O)\C1=C\CCCCCC(=O)OC,CCCCCC(O)C=CC1C=CC(=O)C1C(CCCCCC(=O)OC)SC,CS.CCCCC[C@H](O)\C=C\[C@H]1C=CC(=O)\C1=C\CCCCCC(=O)OC>>CCCCCC(O)C=CC1C=CC(=O)C1C(CCCCCC(=O)OC)SC,0,0.0
261,132,261,CS.CCCCC[C@H](O)\C=C\[C@H]1C=CC(=O)\C1=C\CCCCCC(=O)OC,CCCCCC(O)C=CC1C(=CCCCCCC(=O)OC)C(=O)CC1SC,CS.CCCCC[C@H](O)\C=C\[C@H]1C=CC(=O)\C1=C\CCCCCC(=O)OC>>CCCCCC(O)C=CC1C(=CCCCCCC(=O)OC)C(=O)CC1SC,1,0.0
262,133,262,CCOC(=O)\C=C\C(=O)C1=CC=CC=C1.SCC1=CC=CC=C1,CCOC(=O)C(CC(=O)c1ccccc1)SCc1ccccc1,CCOC(=O)\C=C\C(=O)C1=CC=CC=C1.SCC1=CC=CC=C1>>CCOC(=O)C(CC(=O)c1ccccc1)SCc1ccccc1,1,0.0
263,133,263,CCOC(=O)\C=C\C(=O)C1=CC=CC=C1.SCC1=CC=CC=C1,CCOC(=O)CC(SCc1ccccc1)C(=O)c1ccccc1,CCOC(=O)\C=C\C(=O)C1=CC=CC=C1.SCC1=CC=CC=C1>>CCOC(=O)CC(SCc1ccccc1)C(=O)c1ccccc1,0,0.0
264,134,264,[H][C@@](N)(CS)C(O)=O.CCCCC\C=C\C(=O)C=CC1=CC=C(O)C(OC)=C1,CCCCCC(CC(=O)C=Cc1ccc(O)c(OC)c1)SCC(N)C(=O)O,[H][C@@](N)(CS)C(O)=O.CCCCC\C=C\C(=O)C=CC1=CC=C(O)C(OC)=C1>>CCCCCC(CC(=O)C=Cc1ccc(O)c(OC)c1)SCC(N)C(=O)O,1,0.0
265,134,265,[H][C@@](N)(CS)C(O)=O.CCCCC\C=C\C(=O)C=CC1=CC=C(O)C(OC)=C1,CCCCCC=CC(=O)CC(SCC(N)C(=O)O)c1ccc(O)c(OC)c1,[H][C@@](N)(CS)C(O)=O.CCCCC\C=C\C(=O)C=CC1=CC=C(O)C(OC)=C1>>CCCCCC=CC(=O)CC(SCC(N)C(=O)O)c1ccc(O)c(OC)c1,0,0.0
266,135,266,CC(=O)C=CC1=CC(=O)CCC1.SCC1=CC=CC=C1,CC(=O)CC(SCc1ccccc1)C1=CC(=O)CCC1,CC(=O)C=CC1=CC(=O)CCC1.SCC1=CC=CC=C1>>CC(=O)CC(SCc1ccccc1)C1=CC(=O)CCC1,1,0.0
267,135,267,CC(=O)C=CC1=CC(=O)CCC1.SCC1=CC=CC=C1,CC(=O)C=CC1(SCc2ccccc2)CCCC(=O)C1,CC(=O)C=CC1=CC(=O)CCC1.SCC1=CC=CC=C1>>CC(=O)C=CC1(SCc2ccccc2)CCCC(=O)C1,0,0.0
268,136,268,O=C(C=CC1=CC(=O)CCC1)C1=CC=CC=C1.SCC1=CC=CC=C1,O=C1C=C(C(CC(=O)c2ccccc2)SCc2ccccc2)CCC1,O=C(C=CC1=CC(=O)CCC1)C1=CC=CC=C1.SCC1=CC=CC=C1>>O=C1C=C(C(CC(=O)c2ccccc2)SCc2ccccc2)CCC1,1,0.0
269,136,269,O=C(C=CC1=CC(=O)CCC1)C1=CC=CC=C1.SCC1=CC=CC=C1,O=C1CCCC(C=CC(=O)c2ccccc2)(SCc2ccccc2)C1,O=C(C=CC1=CC(=O)CCC1)C1=CC=CC=C1.SCC1=CC=CC=C1>>O=C1CCCC(C=CC(=O)c2ccccc2)(SCc2ccccc2)C1,0,0.0
270,138,270,FC1=CC=C(C=C1)C(=O)C=CC1=CC(=O)CCC1.SCC1=CC=CC=C1,O=C1CCCC(C=CC(=O)c2ccc(F)cc2)(SCc2ccccc2)C1,FC1=CC=C(C=C1)C(=O)C=CC1=CC(=O)CCC1.SCC1=CC=CC=C1>>O=C1CCCC(C=CC(=O)c2ccc(F)cc2)(SCc2ccccc2)C1,0,0.0
271,138,271,FC1=CC=C(C=C1)C(=O)C=CC1=CC(=O)CCC1.SCC1=CC=CC=C1,O=C1C=C(C(CC(=O)c2ccc(F)cc2)SCc2ccccc2)CCC1,FC1=CC=C(C=C1)C(=O)C=CC1=CC(=O)CCC1.SCC1=CC=CC=C1>>O=C1C=C(C(CC(=O)c2ccc(F)cc2)SCc2ccccc2)CCC1,1,0.0
272,139,272,COC1=CC=C(C=C1)C(=O)C=CC1=CC(=O)CCC1.SCC1=CC=CC=C1,COc1ccc(C(=O)CC(SCc2ccccc2)C2=CC(=O)CCC2)cc1,COC1=CC=C(C=C1)C(=O)C=CC1=CC(=O)CCC1.SCC1=CC=CC=C1>>COc1ccc(C(=O)CC(SCc2ccccc2)C2=CC(=O)CCC2)cc1,1,0.0
273,139,273,COC1=CC=C(C=C1)C(=O)C=CC1=CC(=O)CCC1.SCC1=CC=CC=C1,COc1ccc(C(=O)C=CC2(SCc3ccccc3)CCCC(=O)C2)cc1,COC1=CC=C(C=C1)C(=O)C=CC1=CC(=O)CCC1.SCC1=CC=CC=C1>>COc1ccc(C(=O)C=CC2(SCc3ccccc3)CCCC(=O)C2)cc1,0,0.0
274,140,274,O=C(C=CC1=CC(=O)CCC1)C1=C2C=CC=CC2=CC=C1.SCC1=CC=CC=C1,O=C1C=C(C(CC(=O)c2cccc3ccccc23)SCc2ccccc2)CCC1,O=C(C=CC1=CC(=O)CCC1)C1=C2C=CC=CC2=CC=C1.SCC1=CC=CC=C1>>O=C1C=C(C(CC(=O)c2cccc3ccccc23)SCc2ccccc2)CCC1,1,0.0
275,140,275,O=C(C=CC1=CC(=O)CCC1)C1=C2C=CC=CC2=CC=C1.SCC1=CC=CC=C1,O=C1CCCC(C=CC(=O)c2cccc3ccccc23)(SCc2ccccc2)C1,O=C(C=CC1=CC(=O)CCC1)C1=C2C=CC=CC2=CC=C1.SCC1=CC=CC=C1>>O=C1CCCC(C=CC(=O)c2cccc3ccccc23)(SCc2ccccc2)C1,0,0.0
276,141,276,ClC1=CC=CC(Cl)=C1C(=O)C=CC1=CC(=O)CCC1.SCC1=CC=CC=C1,O=C1C=C(C(CC(=O)c2c(Cl)cccc2Cl)SCc2ccccc2)CCC1,ClC1=CC=CC(Cl)=C1C(=O)C=CC1=CC(=O)CCC1.SCC1=CC=CC=C1>>O=C1C=C(C(CC(=O)c2c(Cl)cccc2Cl)SCc2ccccc2)CCC1,1,0.0
277,141,277,ClC1=CC=CC(Cl)=C1C(=O)C=CC1=CC(=O)CCC1.SCC1=CC=CC=C1,O=C1CCCC(C=CC(=O)c2c(Cl)cccc2Cl)(SCc2ccccc2)C1,ClC1=CC=CC(Cl)=C1C(=O)C=CC1=CC(=O)CCC1.SCC1=CC=CC=C1>>O=C1CCCC(C=CC(=O)c2c(Cl)cccc2Cl)(SCc2ccccc2)C1,0,0.0
278,142,278,NC(CS)C(O)=O.COC(=O)\C=C/C(=O)NC1=CC2=CC=C(O)C=C2OC1=O,COC(=O)C(CC(=O)Nc1cc2ccc(O)cc2oc1=O)SCC(N)C(=O)O,NC(CS)C(O)=O.COC(=O)\C=C/C(=O)NC1=CC2=CC=C(O)C=C2OC1=O>>COC(=O)C(CC(=O)Nc1cc2ccc(O)cc2oc1=O)SCC(N)C(=O)O,0,0.0
279,142,279,NC(CS)C(O)=O.COC(=O)\C=C/C(=O)NC1=CC2=CC=C(O)C=C2OC1=O,COC(=O)CC(SCC(N)C(=O)O)C(=O)Nc1cc2ccc(O)cc2oc1=O,NC(CS)C(O)=O.COC(=O)\C=C/C(=O)NC1=CC2=CC=C(O)C=C2OC1=O>>COC(=O)CC(SCC(N)C(=O)O)C(=O)Nc1cc2ccc(O)cc2oc1=O,1,0.0
280,143,280,COC(=O)\C=C/C(=O)NC1=CC2=CC=C(O)C=C2OC1=O.OCCS,COC(=O)C(CC(=O)Nc1cc2ccc(O)cc2oc1=O)SCCO,COC(=O)\C=C/C(=O)NC1=CC2=CC=C(O)C=C2OC1=O.OCCS>>COC(=O)C(CC(=O)Nc1cc2ccc(O)cc2oc1=O)SCCO,0,0.0
281,143,281,COC(=O)\C=C/C(=O)NC1=CC2=CC=C(O)C=C2OC1=O.OCCS,COC(=O)CC(SCCO)C(=O)Nc1cc2ccc(O)cc2oc1=O,COC(=O)\C=C/C(=O)NC1=CC2=CC=C(O)C=C2OC1=O.OCCS>>COC(=O)CC(SCCO)C(=O)Nc1cc2ccc(O)cc2oc1=O,1,0.0
282,144,282,[H][C@](N)(CCC(=O)N[C@@]([H])(CS)C(=O)NCC(O)=O)C(O)=O.CC1=C(\C=C\C(=O)\C=C\C2=CC=C(C=C2)N(=O)=O)C(C)(C)CCC1,CC1=C(C=CC(=O)CC(SCC(NC(=O)CCC(N)C(=O)O)C(=O)NCC(=O)O)c2ccc([N+](=O)[O-])cc2)C(C)(C)CCC1,[H][C@](N)(CCC(=O)N[C@@]([H])(CS)C(=O)NCC(O)=O)C(O)=O.CC1=C(\C=C\C(=O)\C=C\C2=CC=C(C=C2)N(=O)=O)C(C)(C)CCC1>>CC1=C(C=CC(=O)CC(SCC(NC(=O)CCC(N)C(=O)O)C(=O)NCC(=O)O)c2ccc([N+](=O)[O-])cc2)C(C)(C)CCC1,1,0.0
283,144,283,[H][C@](N)(CCC(=O)N[C@@]([H])(CS)C(=O)NCC(O)=O)C(O)=O.CC1=C(\C=C\C(=O)\C=C\C2=CC=C(C=C2)N(=O)=O)C(C)(C)CCC1,CC1=C(C(CC(=O)C=Cc2ccc([N+](=O)[O-])cc2)SCC(NC(=O)CCC(N)C(=O)O)C(=O)NCC(=O)O)C(C)(C)CCC1,[H][C@](N)(CCC(=O)N[C@@]([H])(CS)C(=O)NCC(O)=O)C(O)=O.CC1=C(\C=C\C(=O)\C=C\C2=CC=C(C=C2)N(=O)=O)C(C)(C)CCC1>>CC1=C(C(CC(=O)C=Cc2ccc([N+](=O)[O-])cc2)SCC(NC(=O)CCC(N)C(=O)O)C(=O)NCC(=O)O)C(C)(C)CCC1,0,0.0
284,145,284,[H][C@](N)(CCC(=O)N[C@@]([H])(CS)C(=O)NCC(O)=O)C(O)=O.CC1=C(\C=C\C(=O)\C=C\C2=CC=C(Cl)C=C2)C(C)(C)CCC1,CC1=C(C=CC(=O)CC(SCC(NC(=O)CCC(N)C(=O)O)C(=O)NCC(=O)O)c2ccc(Cl)cc2)C(C)(C)CCC1,[H][C@](N)(CCC(=O)N[C@@]([H])(CS)C(=O)NCC(O)=O)C(O)=O.CC1=C(\C=C\C(=O)\C=C\C2=CC=C(Cl)C=C2)C(C)(C)CCC1>>CC1=C(C=CC(=O)CC(SCC(NC(=O)CCC(N)C(=O)O)C(=O)NCC(=O)O)c2ccc(Cl)cc2)C(C)(C)CCC1,1,0.0
285,145,285,[H][C@](N)(CCC(=O)N[C@@]([H])(CS)C(=O)NCC(O)=O)C(O)=O.CC1=C(\C=C\C(=O)\C=C\C2=CC=C(Cl)C=C2)C(C)(C)CCC1,CC1=C(C(CC(=O)C=Cc2ccc(Cl)cc2)SCC(NC(=O)CCC(N)C(=O)O)C(=O)NCC(=O)O)C(C)(C)CCC1,[H][C@](N)(CCC(=O)N[C@@]([H])(CS)C(=O)NCC(O)=O)C(O)=O.CC1=C(\C=C\C(=O)\C=C\C2=CC=C(Cl)C=C2)C(C)(C)CCC1>>CC1=C(C(CC(=O)C=Cc2ccc(Cl)cc2)SCC(NC(=O)CCC(N)C(=O)O)C(=O)NCC(=O)O)C(C)(C)CCC1,0,0.0
286,146,286,[H][C@](N)(CCC(=O)N[C@@]([H])(CS)C(=O)NCC(O)=O)C(O)=O.CC1=C(\C=C\C(=O)\C=C\C2=CC=C(Br)C=C2)C(C)(C)CCC1,CC1=C(C(CC(=O)C=Cc2ccc(Br)cc2)SCC(NC(=O)CCC(N)C(=O)O)C(=O)NCC(=O)O)C(C)(C)CCC1,[H][C@](N)(CCC(=O)N[C@@]([H])(CS)C(=O)NCC(O)=O)C(O)=O.CC1=C(\C=C\C(=O)\C=C\C2=CC=C(Br)C=C2)C(C)(C)CCC1>>CC1=C(C(CC(=O)C=Cc2ccc(Br)cc2)SCC(NC(=O)CCC(N)C(=O)O)C(=O)NCC(=O)O)C(C)(C)CCC1,0,0.0
287,146,287,[H][C@](N)(CCC(=O)N[C@@]([H])(CS)C(=O)NCC(O)=O)C(O)=O.CC1=C(\C=C\C(=O)\C=C\C2=CC=C(Br)C=C2)C(C)(C)CCC1,CC1=C(C=CC(=O)CC(SCC(NC(=O)CCC(N)C(=O)O)C(=O)NCC(=O)O)c2ccc(Br)cc2)C(C)(C)CCC1,[H][C@](N)(CCC(=O)N[C@@]([H])(CS)C(=O)NCC(O)=O)C(O)=O.CC1=C(\C=C\C(=O)\C=C\C2=CC=C(Br)C=C2)C(C)(C)CCC1>>CC1=C(C=CC(=O)CC(SCC(NC(=O)CCC(N)C(=O)O)C(=O)NCC(=O)O)c2ccc(Br)cc2)C(C)(C)CCC1,1,0.0
288,147,288,[H][C@](N)(CCC(=O)N[C@@]([H])(CS)C(=O)NCC(O)=O)C(O)=O.CC1=C(\C=C\C(=O)\C=C\C2=CC=C(F)C=C2)C(C)(C)CCC1,CC1=C(C=CC(=O)CC(SCC(NC(=O)CCC(N)C(=O)O)C(=O)NCC(=O)O)c2ccc(F)cc2)C(C)(C)CCC1,[H][C@](N)(CCC(=O)N[C@@]([H])(CS)C(=O)NCC(O)=O)C(O)=O.CC1=C(\C=C\C(=O)\C=C\C2=CC=C(F)C=C2)C(C)(C)CCC1>>CC1=C(C=CC(=O)CC(SCC(NC(=O)CCC(N)C(=O)O)C(=O)NCC(=O)O)c2ccc(F)cc2)C(C)(C)CCC1,1,0.0
289,147,289,[H][C@](N)(CCC(=O)N[C@@]([H])(CS)C(=O)NCC(O)=O)C(O)=O.CC1=C(\C=C\C(=O)\C=C\C2=CC=C(F)C=C2)C(C)(C)CCC1,CC1=C(C(CC(=O)C=Cc2ccc(F)cc2)SCC(NC(=O)CCC(N)C(=O)O)C(=O)NCC(=O)O)C(C)(C)CCC1,[H][C@](N)(CCC(=O)N[C@@]([H])(CS)C(=O)NCC(O)=O)C(O)=O.CC1=C(\C=C\C(=O)\C=C\C2=CC=C(F)C=C2)C(C)(C)CCC1>>CC1=C(C(CC(=O)C=Cc2ccc(F)cc2)SCC(NC(=O)CCC(N)C(=O)O)C(=O)NCC(=O)O)C(C)(C)CCC1,0,0.0
290,148,290,FC1=CC=C(C=C1)C(=O)\C=C\C(=O)NC1=CC=CC=C1.OCCS,O=C(CC(SCCO)C(=O)Nc1ccccc1)c1ccc(F)cc1,FC1=CC=C(C=C1)C(=O)\C=C\C(=O)NC1=CC=CC=C1.OCCS>>O=C(CC(SCCO)C(=O)Nc1ccccc1)c1ccc(F)cc1,1,0.0
291,148,291,FC1=CC=C(C=C1)C(=O)\C=C\C(=O)NC1=CC=CC=C1.OCCS,O=C(CC(SCCO)C(=O)c1ccc(F)cc1)Nc1ccccc1,FC1=CC=C(C=C1)C(=O)\C=C\C(=O)NC1=CC=CC=C1.OCCS>>O=C(CC(SCCO)C(=O)c1ccc(F)cc1)Nc1ccccc1,0,0.0
292,149,292,BrC1=CC=C(C=C1)C(=O)\C=C\C(=O)NC1=CC=CC=C1.OCCS,O=C(CC(SCCO)C(=O)c1ccc(Br)cc1)Nc1ccccc1,BrC1=CC=C(C=C1)C(=O)\C=C\C(=O)NC1=CC=CC=C1.OCCS>>O=C(CC(SCCO)C(=O)c1ccc(Br)cc1)Nc1ccccc1,0,0.0
293,149,293,BrC1=CC=C(C=C1)C(=O)\C=C\C(=O)NC1=CC=CC=C1.OCCS,O=C(CC(SCCO)C(=O)Nc1ccccc1)c1ccc(Br)cc1,BrC1=CC=C(C=C1)C(=O)\C=C\C(=O)NC1=CC=CC=C1.OCCS>>O=C(CC(SCCO)C(=O)Nc1ccccc1)c1ccc(Br)cc1,1,0.0
294,150,294,ClC1=C(Cl)C=C(C=C1)C(=O)\C=C\C(=O)NC1=CC=CC=C1.OCCS,O=C(CC(SCCO)C(=O)c1ccc(Cl)c(Cl)c1)Nc1ccccc1,ClC1=C(Cl)C=C(C=C1)C(=O)\C=C\C(=O)NC1=CC=CC=C1.OCCS>>O=C(CC(SCCO)C(=O)c1ccc(Cl)c(Cl)c1)Nc1ccccc1,0,0.0
295,150,295,ClC1=C(Cl)C=C(C=C1)C(=O)\C=C\C(=O)NC1=CC=CC=C1.OCCS,O=C(CC(SCCO)C(=O)Nc1ccccc1)c1ccc(Cl)c(Cl)c1,ClC1=C(Cl)C=C(C=C1)C(=O)\C=C\C(=O)NC1=CC=CC=C1.OCCS>>O=C(CC(SCCO)C(=O)Nc1ccccc1)c1ccc(Cl)c(Cl)c1,1,0.0
296,151,296,COC1=CC(OC)=CC(NC(=O)\C=C\C(=O)C2=CC3=C(CCCC3)C=C2)=C1.OCCS,COc1cc(NC(=O)CC(SCCO)C(=O)c2ccc3c(c2)CCCC3)cc(OC)c1,COC1=CC(OC)=CC(NC(=O)\C=C\C(=O)C2=CC3=C(CCCC3)C=C2)=C1.OCCS>>COc1cc(NC(=O)CC(SCCO)C(=O)c2ccc3c(c2)CCCC3)cc(OC)c1,0,0.0
297,151,297,COC1=CC(OC)=CC(NC(=O)\C=C\C(=O)C2=CC3=C(CCCC3)C=C2)=C1.OCCS,COc1cc(NC(=O)C(CC(=O)c2ccc3c(c2)CCCC3)SCCO)cc(OC)c1,COC1=CC(OC)=CC(NC(=O)\C=C\C(=O)C2=CC3=C(CCCC3)C=C2)=C1.OCCS>>COc1cc(NC(=O)C(CC(=O)c2ccc3c(c2)CCCC3)SCCO)cc(OC)c1,1,0.0
298,152,298,CC(C)C1=CC=C(NC(=O)\C=C\C(=O)C2=CC3=C(CCCC3)C=C2)C=C1.OCCS,CC(C)c1ccc(NC(=O)C(CC(=O)c2ccc3c(c2)CCCC3)SCCO)cc1,CC(C)C1=CC=C(NC(=O)\C=C\C(=O)C2=CC3=C(CCCC3)C=C2)C=C1.OCCS>>CC(C)c1ccc(NC(=O)C(CC(=O)c2ccc3c(c2)CCCC3)SCCO)cc1,1,0.0
299,152,299,CC(C)C1=CC=C(NC(=O)\C=C\C(=O)C2=CC3=C(CCCC3)C=C2)C=C1.OCCS,CC(C)c1ccc(NC(=O)CC(SCCO)C(=O)c2ccc3c(c2)CCCC3)cc1,CC(C)C1=CC=C(NC(=O)\C=C\C(=O)C2=CC3=C(CCCC3)C=C2)C=C1.OCCS>>CC(C)c1ccc(NC(=O)CC(SCCO)C(=O)c2ccc3c(c2)CCCC3)cc1,0,0.0
300,153,300,CC(C)C1=CC=C(C=C1)C(=O)\C=C\C(=O)NC1=CC=CC=C1.OCCS,CC(C)c1ccc(C(=O)CC(SCCO)C(=O)Nc2ccccc2)cc1,CC(C)C1=CC=C(C=C1)C(=O)\C=C\C(=O)NC1=CC=CC=C1.OCCS>>CC(C)c1ccc(C(=O)CC(SCCO)C(=O)Nc2ccccc2)cc1,1,0.0
301,153,301,CC(C)C1=CC=C(C=C1)C(=O)\C=C\C(=O)NC1=CC=CC=C1.OCCS,CC(C)c1ccc(C(=O)C(CC(=O)Nc2ccccc2)SCCO)cc1,CC(C)C1=CC=C(C=C1)C(=O)\C=C\C(=O)NC1=CC=CC=C1.OCCS>>CC(C)c1ccc(C(=O)C(CC(=O)Nc2ccccc2)SCCO)cc1,0,0.0
302,154,302,CC(C)(C)C1=CC=C(C=C1)C(=O)\C=C\C(=O)NC1=CC=CC=C1.OCCS,CC(C)(C)c1ccc(C(=O)CC(SCCO)C(=O)Nc2ccccc2)cc1,CC(C)(C)C1=CC=C(C=C1)C(=O)\C=C\C(=O)NC1=CC=CC=C1.OCCS>>CC(C)(C)c1ccc(C(=O)CC(SCCO)C(=O)Nc2ccccc2)cc1,1,0.0
303,154,303,CC(C)(C)C1=CC=C(C=C1)C(=O)\C=C\C(=O)NC1=CC=CC=C1.OCCS,CC(C)(C)c1ccc(C(=O)C(CC(=O)Nc2ccccc2)SCCO)cc1,CC(C)(C)C1=CC=C(C=C1)C(=O)\C=C\C(=O)NC1=CC=CC=C1.OCCS>>CC(C)(C)c1ccc(C(=O)C(CC(=O)Nc2ccccc2)SCCO)cc1,0,0.0
304,155,304,CC1=CC=C(C=C1C)C(=O)\C=C\C(=O)NC1=CC=CC=C1.OCCS,Cc1ccc(C(=O)CC(SCCO)C(=O)Nc2ccccc2)cc1C,CC1=CC=C(C=C1C)C(=O)\C=C\C(=O)NC1=CC=CC=C1.OCCS>>Cc1ccc(C(=O)CC(SCCO)C(=O)Nc2ccccc2)cc1C,1,0.0
305,155,305,CC1=CC=C(C=C1C)C(=O)\C=C\C(=O)NC1=CC=CC=C1.OCCS,Cc1ccc(C(=O)C(CC(=O)Nc2ccccc2)SCCO)cc1C,CC1=CC=C(C=C1C)C(=O)\C=C\C(=O)NC1=CC=CC=C1.OCCS>>Cc1ccc(C(=O)C(CC(=O)Nc2ccccc2)SCCO)cc1C,0,0.0
306,156,306,CC1=CC=C(C)C(=C1)C(=O)\C=C\C(=O)NC1=CC=CC=C1.OCCS,Cc1ccc(C)c(C(=O)CC(SCCO)C(=O)Nc2ccccc2)c1,CC1=CC=C(C)C(=C1)C(=O)\C=C\C(=O)NC1=CC=CC=C1.OCCS>>Cc1ccc(C)c(C(=O)CC(SCCO)C(=O)Nc2ccccc2)c1,1,0.0
307,156,307,CC1=CC=C(C)C(=C1)C(=O)\C=C\C(=O)NC1=CC=CC=C1.OCCS,Cc1ccc(C)c(C(=O)C(CC(=O)Nc2ccccc2)SCCO)c1,CC1=CC=C(C)C(=C1)C(=O)\C=C\C(=O)NC1=CC=CC=C1.OCCS>>Cc1ccc(C)c(C(=O)C(CC(=O)Nc2ccccc2)SCCO)c1,0,0.0
308,157,308,CC(C)C1=CC=C(C(=O)\C=C\C(=O)NC2=CC=CC=C2)C(=C1)C(C)C.OCCS,CC(C)c1ccc(C(=O)C(CC(=O)Nc2ccccc2)SCCO)c(C(C)C)c1,CC(C)C1=CC=C(C(=O)\C=C\C(=O)NC2=CC=CC=C2)C(=C1)C(C)C.OCCS>>CC(C)c1ccc(C(=O)C(CC(=O)Nc2ccccc2)SCCO)c(C(C)C)c1,0,0.0
309,157,309,CC(C)C1=CC=C(C(=O)\C=C\C(=O)NC2=CC=CC=C2)C(=C1)C(C)C.OCCS,CC(C)c1ccc(C(=O)CC(SCCO)C(=O)Nc2ccccc2)c(C(C)C)c1,CC(C)C1=CC=C(C(=O)\C=C\C(=O)NC2=CC=CC=C2)C(=C1)C(C)C.OCCS>>CC(C)c1ccc(C(=O)CC(SCCO)C(=O)Nc2ccccc2)c(C(C)C)c1,1,0.0
310,158,310,O=C(NC1=CC=CC=C1)\C=C\C(=O)C1=CC2=C(CCCC2)C=C1.OCCS,O=C(CC(SCCO)C(=O)Nc1ccccc1)c1ccc2c(c1)CCCC2,O=C(NC1=CC=CC=C1)\C=C\C(=O)C1=CC2=C(CCCC2)C=C1.OCCS>>O=C(CC(SCCO)C(=O)Nc1ccccc1)c1ccc2c(c1)CCCC2,1,0.0
311,158,311,O=C(NC1=CC=CC=C1)\C=C\C(=O)C1=CC2=C(CCCC2)C=C1.OCCS,O=C(CC(SCCO)C(=O)c1ccc2c(c1)CCCC2)Nc1ccccc1,O=C(NC1=CC=CC=C1)\C=C\C(=O)C1=CC2=C(CCCC2)C=C1.OCCS>>O=C(CC(SCCO)C(=O)c1ccc2c(c1)CCCC2)Nc1ccccc1,0,0.0
312,159,312,COC1=CC=C(C=C1)C(=O)\C=C\C(=O)NC1=CC=CC=C1.OCCS,COc1ccc(C(=O)C(CC(=O)Nc2ccccc2)SCCO)cc1,COC1=CC=C(C=C1)C(=O)\C=C\C(=O)NC1=CC=CC=C1.OCCS>>COc1ccc(C(=O)C(CC(=O)Nc2ccccc2)SCCO)cc1,0,0.0
313,159,313,COC1=CC=C(C=C1)C(=O)\C=C\C(=O)NC1=CC=CC=C1.OCCS,COc1ccc(C(=O)CC(SCCO)C(=O)Nc2ccccc2)cc1,COC1=CC=C(C=C1)C(=O)\C=C\C(=O)NC1=CC=CC=C1.OCCS>>COc1ccc(C(=O)CC(SCCO)C(=O)Nc2ccccc2)cc1,1,0.0
314,160,314,CCCCC1=CC=C(C=C1)C(=O)\C=C\C(=O)NC1=CC=CC=C1.OCCS,CCCCc1ccc(C(=O)CC(SCCO)C(=O)Nc2ccccc2)cc1,CCCCC1=CC=C(C=C1)C(=O)\C=C\C(=O)NC1=CC=CC=C1.OCCS>>CCCCc1ccc(C(=O)CC(SCCO)C(=O)Nc2ccccc2)cc1,1,0.0
315,160,315,CCCCC1=CC=C(C=C1)C(=O)\C=C\C(=O)NC1=CC=CC=C1.OCCS,CCCCc1ccc(C(=O)C(CC(=O)Nc2ccccc2)SCCO)cc1,CCCCC1=CC=C(C=C1)C(=O)\C=C\C(=O)NC1=CC=CC=C1.OCCS>>CCCCc1ccc(C(=O)C(CC(=O)Nc2ccccc2)SCCO)cc1,0,0.0
316,161,316,[H][C@@]12[C@@H](O)[C@@H]([C@H](C[C@@]1(COC(=O)C2=C)C=C)OC(=O)C(=C)CO)C(=C)C(=O)OC.NCCS,C=CC12COC(=O)C(CSCCN)C1C(O)C(C(=C)C(=O)OC)C(OC(=O)C(=C)CO)C2,[H][C@@]12[C@@H](O)[C@@H]([C@H](C[C@@]1(COC(=O)C2=C)C=C)OC(=O)C(=C)CO)C(=C)C(=O)OC.NCCS>>C=CC12COC(=O)C(CSCCN)C1C(O)C(C(=C)C(=O)OC)C(OC(=O)C(=C)CO)C2,0,0.0
317,161,317,[H][C@@]12[C@@H](O)[C@@H]([C@H](C[C@@]1(COC(=O)C2=C)C=C)OC(=O)C(=C)CO)C(=C)C(=O)OC.NCCS,C=CC12COC(=O)C(=C)C1C(O)C(C(CSCCN)C(=O)OC)C(OC(=O)C(=C)CO)C2,[H][C@@]12[C@@H](O)[C@@H]([C@H](C[C@@]1(COC(=O)C2=C)C=C)OC(=O)C(=C)CO)C(=C)C(=O)OC.NCCS>>C=CC12COC(=O)C(=C)C1C(O)C(C(CSCCN)C(=O)OC)C(OC(=O)C(=C)CO)C2,0,0.0
318,161,318,[H][C@@]12[C@@H](O)[C@@H]([C@H](C[C@@]1(COC(=O)C2=C)C=C)OC(=O)C(=C)CO)C(=C)C(=O)OC.NCCS,C=CC12COC(=O)C(=C)C1C(O)C(C(=C)C(=O)OC)C(OC(=O)C(CO)CSCCN)C2,[H][C@@]12[C@@H](O)[C@@H]([C@H](C[C@@]1(COC(=O)C2=C)C=C)OC(=O)C(=C)CO)C(=C)C(=O)OC.NCCS>>C=CC12COC(=O)C(=C)C1C(O)C(C(=C)C(=O)OC)C(OC(=O)C(CO)CSCCN)C2,1,0.0
319,162,319,COC(=O)C=CC(=O)NC1=CC2=CC=CC=C2OC1=O.OCCS,COC(=O)C(CC(=O)Nc1cc2ccccc2oc1=O)SCCO,COC(=O)C=CC(=O)NC1=CC2=CC=CC=C2OC1=O.OCCS>>COC(=O)C(CC(=O)Nc1cc2ccccc2oc1=O)SCCO,0,0.0
320,162,320,COC(=O)C=CC(=O)NC1=CC2=CC=CC=C2OC1=O.OCCS,COC(=O)CC(SCCO)C(=O)Nc1cc2ccccc2oc1=O,COC(=O)C=CC(=O)NC1=CC2=CC=CC=C2OC1=O.OCCS>>COC(=O)CC(SCCO)C(=O)Nc1cc2ccccc2oc1=O,1,0.0
